nside,n_sys,n_pix,n_real,n_mean,sigma_clus,regime,cl_slope,kappa_per_template_median,kappa_per_template_max,kappa_field,fpr3_per_template,fpr3_any_template,sigma_emp_median,sigma_iid_median,cell
32,3,5954,2000,127,0,shot-only,0,1.00921,1.01042,1.00497,0.0025,0.0075,0.0014058,0.00141527,ns32_slope1.0_sc0.2
32,5,5954,2000,127,0,shot-only,0,1.02068,1.02929,1.01643,0.003,0.0145,0.00130719,0.00129176,ns32_slope1.0_sc0.2
32,7,5954,2000,127,0,shot-only,0,1.01161,1.02854,1.01547,0.00278571,0.0175,0.00136669,0.00133143,ns32_slope1.0_sc0.2
32,9,5954,2000,127,0,shot-only,0,1.0014,1.02117,1.00055,0.00227778,0.0195,0.00148085,0.00146132,ns32_slope1.0_sc0.2
32,11,5954,2000,127,0,shot-only,0,1.01406,1.03224,1.00556,0.00281818,0.0245,0.00201023,0.00194745,ns32_slope1.0_sc0.2
32,3,5954,2000,127,0.2,clustered,1,2.86077,2.86217,2.78574,0.2555,0.554,0.0100454,0.00350972,ns32_slope1.0_sc0.2
32,5,5954,2000,127,0.2,clustered,1,2.23996,2.87121,2.48355,0.1931,0.6315,0.00681224,0.00320148,ns32_slope1.0_sc0.2
32,7,5954,2000,127,0.2,clustered,1,2.20258,2.88745,2.43726,0.178714,0.672,0.00672008,0.00329764,ns32_slope1.0_sc0.2
32,9,5954,2000,127,0.2,clustered,1,1.70035,2.9001,2.24511,0.145,0.6775,0.00665916,0.00362005,ns32_slope1.0_sc0.2
32,11,5954,2000,127,0.2,clustered,1,1.68454,2.81836,2.09145,0.117364,0.6905,0.00812707,0.0048245,ns32_slope1.0_sc0.2
32,3,5954,2000,127,0,shot-only,0,1.0096,1.04004,1.00916,0.00233333,0.007,0.00142903,0.00141544,ns32_slope1.0_sc0.4
32,5,5954,2000,127,0,shot-only,0,1.00459,1.00639,0.988739,0.0018,0.008,0.00129725,0.00129132,ns32_slope1.0_sc0.4
32,7,5954,2000,127,0,shot-only,0,0.997284,1.01574,1.00051,0.00257143,0.016,0.00133267,0.00133125,ns32_slope1.0_sc0.4
32,9,5954,2000,127,0,shot-only,0,0.996431,1.02608,1.00382,0.00244444,0.0195,0.00145091,0.00146202,ns32_slope1.0_sc0.4
32,11,5954,2000,127,0,shot-only,0,1.00157,1.03061,1.0052,0.00268182,0.0275,0.00190924,0.00194753,ns32_slope1.0_sc0.4
32,3,5954,2000,127,0.4,clustered,1,2.89945,2.90842,2.86526,0.2775,0.605,0.0196612,0.006781,ns32_slope1.0_sc0.4
32,5,5954,2000,127,0.4,clustered,1,2.29988,3.00989,2.56899,0.2061,0.6675,0.0135075,0.00618259,ns32_slope1.0_sc0.4
32,7,5954,2000,127,0.4,clustered,1,2.32574,2.95254,2.51864,0.193286,0.714,0.0136821,0.00635844,ns32_slope1.0_sc0.4
32,9,5954,2000,127,0.4,clustered,1,1.72807,2.97247,2.33856,0.155944,0.7305,0.0135815,0.00698856,ns32_slope1.0_sc0.4
32,11,5954,2000,127,0.4,clustered,1,1.70201,2.85701,2.13732,0.124273,0.7215,0.0161054,0.00930657,ns32_slope1.0_sc0.4
32,3,5954,2000,127,0,shot-only,0,1.01973,1.02291,1.01572,0.00366667,0.011,0.0014436,0.00141566,ns32_slope1.5_sc0.2
32,5,5954,2000,127,0,shot-only,0,1.01426,1.02531,1.01736,0.0022,0.011,0.00130574,0.0012918,ns32_slope1.5_sc0.2
32,7,5954,2000,127,0,shot-only,0,1.0026,1.00655,1.00089,0.00192857,0.0125,0.00133677,0.00133072,ns32_slope1.5_sc0.2
32,9,5954,2000,127,0,shot-only,0,1.01324,1.03162,1.00625,0.00322222,0.0245,0.00148486,0.00146164,ns32_slope1.5_sc0.2
32,11,5954,2000,127,0,shot-only,0,0.993917,1.01983,0.998527,0.00227273,0.023,0.00196076,0.00194796,ns32_slope1.5_sc0.2
32,3,5954,2000,127,0.2,clustered,1.5,4.59899,4.70111,4.62945,0.494,0.866,0.0160673,0.00349367,ns32_slope1.5_sc0.2
32,5,5954,2000,127,0.2,clustered,1.5,3.63708,4.68957,4.05084,0.3946,0.9235,0.0110131,0.00318757,ns32_slope1.5_sc0.2
32,7,5954,2000,127,0.2,clustered,1.5,3.67345,4.88004,3.9728,0.365429,0.9395,0.011133,0.00327565,ns32_slope1.5_sc0.2
32,9,5954,2000,127,0.2,clustered,1.5,2.34104,5.02483,3.63038,0.289556,0.9275,0.0107006,0.00359244,ns32_slope1.5_sc0.2
32,11,5954,2000,127,0.2,clustered,1.5,2.34026,4.79158,3.33289,0.243,0.9275,0.010898,0.00478747,ns32_slope1.5_sc0.2
32,3,5954,2000,127,0,shot-only,0,1.00204,1.00491,0.992787,0.003,0.008,0.00141684,0.00141516,ns32_slope1.5_sc0.4
32,5,5954,2000,127,0,shot-only,0,0.999725,1.01758,1.00343,0.0026,0.012,0.00128227,0.00129162,ns32_slope1.5_sc0.4
32,7,5954,2000,127,0,shot-only,0,1.00933,1.02854,1.00308,0.00271429,0.017,0.00136936,0.00133136,ns32_slope1.5_sc0.4
32,9,5954,2000,127,0,shot-only,0,1.00094,1.03091,1.00419,0.0025,0.021,0.00150688,0.0014617,ns32_slope1.5_sc0.4
32,11,5954,2000,127,0,shot-only,0,1.01045,1.03217,0.999427,0.00295455,0.029,0.00197899,0.00194726,ns32_slope1.5_sc0.4
32,3,5954,2000,127,0.4,clustered,1.5,4.80989,4.82917,4.75826,0.499,0.8685,0.0324821,0.00672623,ns32_slope1.5_sc0.4
32,5,5954,2000,127,0.4,clustered,1.5,3.62488,5.02899,4.23133,0.4043,0.9185,0.0211308,0.00613655,ns32_slope1.5_sc0.4
32,7,5954,2000,127,0.4,clustered,1.5,3.63256,5.25143,4.14605,0.385357,0.95,0.0212038,0.00630901,ns32_slope1.5_sc0.4
32,9,5954,2000,127,0.4,clustered,1.5,2.55612,5.09098,3.82658,0.313278,0.956,0.0219022,0.00692367,ns32_slope1.5_sc0.4
32,11,5954,2000,127,0.4,clustered,1.5,2.41933,5.03871,3.45739,0.255227,0.9555,0.0212194,0.00922769,ns32_slope1.5_sc0.4
32,3,5954,2000,127,0,shot-only,0,1.01739,1.02664,1.0213,0.0025,0.0075,0.00145342,0.00141571,ns32_slope2.0_sc0.2
32,5,5954,2000,127,0,shot-only,0,0.997122,1.00295,0.999805,0.0019,0.0095,0.00128841,0.00129111,ns32_slope2.0_sc0.2
32,7,5954,2000,127,0,shot-only,0,1.00664,1.03042,1.00541,0.00257143,0.016,0.00134751,0.00133102,ns32_slope2.0_sc0.2
32,9,5954,2000,127,0,shot-only,0,0.994264,1.0198,1.00078,0.00255556,0.021,0.00144442,0.00146202,ns32_slope2.0_sc0.2
32,11,5954,2000,127,0,shot-only,0,0.991227,1.01712,0.996176,0.00240909,0.0235,0.00192864,0.00194799,ns32_slope2.0_sc0.2
32,3,5954,2000,127,0.2,clustered,2,6.8666,7.39325,7.0921,0.654833,0.9505,0.024016,0.00345753,ns32_slope2.0_sc0.2
32,5,5954,2000,127,0.2,clustered,2,5.58975,7.30188,6.18669,0.5659,0.984,0.0166596,0.00313743,ns32_slope2.0_sc0.2
32,7,5954,2000,127,0.2,clustered,2,5.54423,8.13098,6.19218,0.532,0.9925,0.0165299,0.00322247,ns32_slope2.0_sc0.2
32,9,5954,2000,127,0.2,clustered,2,3.49162,7.87559,5.61681,0.434056,0.994,0.016432,0.00353329,ns32_slope2.0_sc0.2
32,11,5954,2000,127,0.2,clustered,2,3.38227,7.98986,5.14787,0.360318,0.992,0.0112146,0.00470656,ns32_slope2.0_sc0.2
32,3,5954,2000,127,0,shot-only,0,1.00151,1.01293,1.0072,0.00316667,0.009,0.00141764,0.0014155,ns32_slope2.0_sc0.4
32,5,5954,2000,127,0,shot-only,0,1.00614,1.03111,1.0044,0.0027,0.0135,0.00131268,0.00129174,ns32_slope2.0_sc0.4
32,7,5954,2000,127,0,shot-only,0,1.01897,1.02896,1.009,0.00257143,0.017,0.00136108,0.00133106,ns32_slope2.0_sc0.4
32,9,5954,2000,127,0,shot-only,0,1.009,1.01601,0.996071,0.003,0.0245,0.00147088,0.0014615,ns32_slope2.0_sc0.4
32,11,5954,2000,127,0,shot-only,0,0.998403,1.01697,0.994757,0.00231818,0.024,0.00190197,0.00194715,ns32_slope2.0_sc0.4
32,3,5954,2000,127,0.4,clustered,2,7.38783,7.54382,7.41225,0.661167,0.9625,0.0495694,0.00663291,ns32_slope2.0_sc0.4
32,5,5954,2000,127,0.4,clustered,2,5.82134,7.73744,6.52867,0.5851,0.989,0.033412,0.00604199,ns32_slope2.0_sc0.4
32,7,5954,2000,127,0.4,clustered,2,5.87625,8.55923,6.50469,0.554,0.996,0.0335355,0.00616829,ns32_slope2.0_sc0.4
32,9,5954,2000,127,0.4,clustered,2,3.62271,8.45613,5.8835,0.447,0.993,0.0326929,0.0067754,ns32_slope2.0_sc0.4
32,11,5954,2000,127,0.4,clustered,2,3.55478,8.1249,5.29528,0.375455,0.9925,0.0230183,0.00902495,ns32_slope2.0_sc0.4
32,3,5954,2000,127,0,shot-only,0,0.999246,1.00205,0.996805,0.00233333,0.007,0.00137762,0.00141495,ns32_slope2.5_sc0.2
32,5,5954,2000,127,0,shot-only,0,1.00689,1.03058,1.00651,0.0025,0.0125,0.0013003,0.0012914,ns32_slope2.5_sc0.2
32,7,5954,2000,127,0,shot-only,0,0.999408,1.01541,1.00143,0.00278571,0.0165,0.00135187,0.00133136,ns32_slope2.5_sc0.2
32,9,5954,2000,127,0,shot-only,0,0.997445,1.01715,0.9983,0.00244444,0.0205,0.00145052,0.00146204,ns32_slope2.5_sc0.2
32,11,5954,2000,127,0,shot-only,0,0.997544,1.01577,0.99472,0.00286364,0.03,0.00191326,0.00194818,ns32_slope2.5_sc0.2
32,3,5954,2000,127,0.2,clustered,2.5,9.2381,9.64596,9.39428,0.725167,0.98,0.031798,0.0034027,ns32_slope2.5_sc0.2
32,5,5954,2000,127,0.2,clustered,2.5,7.6345,9.59798,8.32742,0.6626,0.995,0.0223437,0.00308088,ns32_slope2.5_sc0.2
32,7,5954,2000,127,0.2,clustered,2.5,7.62263,11.9314,8.62233,0.640929,0.998,0.0221734,0.00314403,ns32_slope2.5_sc0.2
32,9,5954,2000,127,0.2,clustered,2.5,4.72963,11.1741,7.57754,0.523778,0.999,0.0215878,0.00342685,ns32_slope2.5_sc0.2
32,11,5954,2000,127,0.2,clustered,2.5,4.53967,11.2164,7.0039,0.436182,0.9985,0.0146219,0.00457202,ns32_slope2.5_sc0.2
32,3,5954,2000,127,0,shot-only,0,0.979696,1.01844,0.99696,0.00266667,0.008,0.00138542,0.00141563,ns32_slope2.5_sc0.4
32,5,5954,2000,127,0,shot-only,0,1.01033,1.03214,1.01046,0.0028,0.0135,0.00132432,0.00129145,ns32_slope2.5_sc0.4
32,7,5954,2000,127,0,shot-only,0,0.996054,1.01736,0.99617,0.00285714,0.018,0.00135128,0.00133088,ns32_slope2.5_sc0.4
32,9,5954,2000,127,0,shot-only,0,1.0014,1.0168,0.996566,0.00211111,0.018,0.00147994,0.00146141,ns32_slope2.5_sc0.4
32,11,5954,2000,127,0,shot-only,0,0.997057,1.04042,1.00037,0.00263636,0.026,0.00190783,0.0019471,ns32_slope2.5_sc0.4
32,3,5954,2000,127,0.4,clustered,2.5,9.6227,10.199,9.90793,0.748,0.9835,0.0629042,0.00646234,ns32_slope2.5_sc0.4
32,5,5954,2000,127,0.4,clustered,2.5,7.99385,10.255,8.85562,0.6888,0.9985,0.0445871,0.00587157,ns32_slope2.5_sc0.4
32,7,5954,2000,127,0.4,clustered,2.5,8.20076,11.9565,8.90174,0.655857,0.9995,0.0455845,0.0060079,ns32_slope2.5_sc0.4
32,9,5954,2000,127,0.4,clustered,2.5,5.03384,12.0919,8.04238,0.542444,0.998,0.0438833,0.00654506,ns32_slope2.5_sc0.4
32,11,5954,2000,127,0.4,clustered,2.5,4.67285,11.8341,7.3278,0.446,0.999,0.0287421,0.008731,ns32_slope2.5_sc0.4
32,3,5954,2000,127,0,shot-only,0,0.988816,1.03276,1.00207,0.00183333,0.0055,0.00138626,0.00141527,ns32_slope3.0_sc0.2
32,5,5954,2000,127,0,shot-only,0,0.999052,1.01438,1.00215,0.0025,0.012,0.00128823,0.00129173,ns32_slope3.0_sc0.2
32,7,5954,2000,127,0,shot-only,0,0.999288,1.01188,0.99924,0.00285714,0.0185,0.00134349,0.00133137,ns32_slope3.0_sc0.2
32,9,5954,2000,127,0,shot-only,0,0.994103,1.01574,0.994509,0.00283333,0.0245,0.00145975,0.00146219,ns32_slope3.0_sc0.2
32,11,5954,2000,127,0,shot-only,0,0.992564,1.02436,0.994044,0.00272727,0.0275,0.00198857,0.00194779,ns32_slope3.0_sc0.2
32,3,5954,2000,127,0.2,clustered,3,10.4819,11.4293,11.0279,0.784833,0.9895,0.0353574,0.00333464,ns32_slope3.0_sc0.2
32,5,5954,2000,127,0.2,clustered,3,9.1258,11.7348,10.0451,0.7255,0.9995,0.0259656,0.00299522,ns32_slope3.0_sc0.2
32,7,5954,2000,127,0.2,clustered,3,9.49576,14.6404,10.326,0.700643,0.9995,0.0267096,0.00304017,ns32_slope3.0_sc0.2
32,9,5954,2000,127,0.2,clustered,3,5.96103,15.0478,9.48485,0.576611,1,0.0263934,0.0033391,ns32_slope3.0_sc0.2
32,11,5954,2000,127,0.2,clustered,3,5.65154,13.9782,8.42602,0.484545,0.9995,0.0176027,0.0044212,ns32_slope3.0_sc0.2
32,3,5954,2000,127,0,shot-only,0,1.00994,1.03036,1.01226,0.00233333,0.0065,0.00142939,0.00141532,ns32_slope3.0_sc0.4
32,5,5954,2000,127,0,shot-only,0,0.985933,1.00876,0.992086,0.003,0.015,0.00125738,0.00129127,ns32_slope3.0_sc0.4
32,7,5954,2000,127,0,shot-only,0,1.00339,1.02776,1.00255,0.00207143,0.014,0.001365,0.00133079,ns32_slope3.0_sc0.4
32,9,5954,2000,127,0,shot-only,0,0.995813,1.00915,0.993203,0.00238889,0.0195,0.00146879,0.00146139,ns32_slope3.0_sc0.4
32,11,5954,2000,127,0,shot-only,0,0.994006,1.01487,0.99469,0.00263636,0.027,0.00195294,0.00194775,ns32_slope3.0_sc0.4
32,3,5954,2000,127,0.4,clustered,3,11.212,12.1685,11.7116,0.785333,0.9895,0.0711795,0.00627595,ns32_slope3.0_sc0.4
32,5,5954,2000,127,0.4,clustered,3,9.87052,12.2836,10.582,0.7418,0.9995,0.0532577,0.00567994,ns32_slope3.0_sc0.4
32,7,5954,2000,127,0.4,clustered,3,10.2193,15.5293,11.0005,0.713571,0.9995,0.0539468,0.00570565,ns32_slope3.0_sc0.4
32,9,5954,2000,127,0.4,clustered,3,6.25071,15.3935,9.90495,0.591167,1,0.052199,0.00626972,ns32_slope3.0_sc0.4
32,11,5954,2000,127,0.4,clustered,3,5.94318,15.275,8.96858,0.495409,1,0.0349225,0.00834093,ns32_slope3.0_sc0.4
64,3,22641,2000,127,0,shot-only,0,0.998804,1.02386,1.0018,0.00266667,0.0075,0.000702269,0.000714897,ns64_slope1.0_sc0.2
64,5,22641,2000,127,0,shot-only,0,0.990788,1.00027,0.991588,0.0021,0.009,0.000638709,0.000642736,ns64_slope1.0_sc0.2
64,7,22641,2000,127,0,shot-only,0,1.00767,1.02668,1.00464,0.00264286,0.016,0.000677581,0.00066638,ns64_slope1.0_sc0.2
64,9,22641,2000,127,0,shot-only,0,0.996501,1.04007,0.997226,0.00244444,0.0195,0.000740729,0.000740564,ns64_slope1.0_sc0.2
64,11,22641,2000,127,0,shot-only,0,0.990837,1.02582,0.998825,0.00290909,0.028,0.000949182,0.000967343,ns64_slope1.0_sc0.2
64,3,22641,2000,127,0.2,clustered,1,3.76776,3.92376,3.7448,0.389833,0.772,0.00674708,0.00177554,ns64_slope1.0_sc0.2
64,5,22641,2000,127,0.2,clustered,1,2.86668,3.88481,3.27842,0.3057,0.8385,0.00442977,0.00159617,ns64_slope1.0_sc0.2
64,7,22641,2000,127,0.2,clustered,1,2.95304,3.71405,3.13552,0.279071,0.859,0.00457577,0.0016543,ns64_slope1.0_sc0.2
64,9,22641,2000,127,0.2,clustered,1,2.03946,3.77338,2.85194,0.215944,0.8595,0.0044615,0.00183892,ns64_slope1.0_sc0.2
64,11,22641,2000,127,0.2,clustered,1,2.05032,3.71666,2.65147,0.181636,0.868,0.0044613,0.00240141,ns64_slope1.0_sc0.2
64,3,22641,2000,127,0,shot-only,0,0.995252,1.01041,0.990437,0.00233333,0.0065,0.000717584,0.000714886,ns64_slope1.0_sc0.4
64,5,22641,2000,127,0,shot-only,0,0.996339,1.01709,0.996453,0.0021,0.0095,0.000653768,0.000642786,ns64_slope1.0_sc0.4
64,7,22641,2000,127,0,shot-only,0,0.997429,1.028,0.996994,0.00271429,0.0155,0.000658398,0.000666502,ns64_slope1.0_sc0.4
64,9,22641,2000,127,0,shot-only,0,0.993504,1.02126,0.998522,0.00283333,0.024,0.000749379,0.000740574,ns64_slope1.0_sc0.4
64,11,22641,2000,127,0,shot-only,0,0.994426,1.03326,0.994176,0.00263636,0.0245,0.000960588,0.000967298,ns64_slope1.0_sc0.4
64,3,22641,2000,127,0.4,clustered,1,3.97439,4.01556,3.87741,0.421167,0.792,0.0137399,0.00342776,ns64_slope1.0_sc0.4
64,5,22641,2000,127,0.4,clustered,1,2.9814,3.98645,3.36627,0.3228,0.865,0.00889021,0.00308012,ns64_slope1.0_sc0.4
64,7,22641,2000,127,0.4,clustered,1,2.98996,3.94081,3.24039,0.286214,0.867,0.00894421,0.00319371,ns64_slope1.0_sc0.4
64,9,22641,2000,127,0.4,clustered,1,2.20664,3.91552,2.95896,0.234167,0.871,0.00878049,0.0035473,ns64_slope1.0_sc0.4
64,11,22641,2000,127,0.4,clustered,1,2.13378,3.86916,2.73397,0.194545,0.8865,0.00877138,0.00463431,ns64_slope1.0_sc0.4
64,3,22641,2000,127,0,shot-only,0,0.99136,0.994638,0.989959,0.0015,0.004,0.000696499,0.000714856,ns64_slope1.5_sc0.2
64,5,22641,2000,127,0,shot-only,0,1.00994,1.01873,1.00381,0.0026,0.012,0.000654722,0.000642686,ns64_slope1.5_sc0.2
64,7,22641,2000,127,0,shot-only,0,1.00389,1.04075,1.00239,0.00328571,0.0205,0.000660439,0.000666441,ns64_slope1.5_sc0.2
64,9,22641,2000,127,0,shot-only,0,0.99024,1.02309,0.997475,0.00311111,0.0245,0.000757681,0.00074058,ns64_slope1.5_sc0.2
64,11,22641,2000,127,0,shot-only,0,1.00577,1.02353,1.00299,0.00304545,0.029,0.000968558,0.000967144,ns64_slope1.5_sc0.2
64,3,22641,2000,127,0.2,clustered,1.5,7.1844,7.4042,7.14555,0.659833,0.961,0.0128217,0.0017695,ns64_slope1.5_sc0.2
64,5,22641,2000,127,0.2,clustered,1.5,5.37458,7.5836,6.21635,0.5639,0.983,0.00826992,0.0015894,ns64_slope1.5_sc0.2
64,7,22641,2000,127,0.2,clustered,1.5,5.42544,7.0651,5.93191,0.526786,0.988,0.00836449,0.00164597,ns64_slope1.5_sc0.2
64,9,22641,2000,127,0.2,clustered,1.5,3.39023,7.12175,5.44321,0.440889,0.9935,0.00810045,0.00182934,ns64_slope1.5_sc0.2
64,11,22641,2000,127,0.2,clustered,1.5,3.36095,7.26421,4.92678,0.354045,0.9925,0.00594889,0.00238683,ns64_slope1.5_sc0.2
64,3,22641,2000,127,0,shot-only,0,0.987129,1.0143,0.989859,0.00116667,0.0035,0.000689854,0.000714913,ns64_slope1.5_sc0.4
64,5,22641,2000,127,0,shot-only,0,1.00196,1.02885,1.00091,0.0019,0.0095,0.000637299,0.000642802,ns64_slope1.5_sc0.4
64,7,22641,2000,127,0,shot-only,0,0.996191,1.02129,1.00151,0.00285714,0.0185,0.000663286,0.000666451,ns64_slope1.5_sc0.4
64,9,22641,2000,127,0,shot-only,0,0.994349,1.0335,0.995722,0.00272222,0.0205,0.000753153,0.000740544,ns64_slope1.5_sc0.4
64,11,22641,2000,127,0,shot-only,0,1.00005,1.03719,1.00451,0.00318182,0.0315,0.000957385,0.000967177,ns64_slope1.5_sc0.4
64,3,22641,2000,127,0.4,clustered,1.5,7.74432,7.96366,7.5835,0.661333,0.956,0.026624,0.00340868,ns64_slope1.5_sc0.4
64,5,22641,2000,127,0.4,clustered,1.5,5.60881,7.93676,6.55153,0.5795,0.995,0.0166409,0.00306465,ns64_slope1.5_sc0.4
64,7,22641,2000,127,0.4,clustered,1.5,5.47264,7.39926,6.26149,0.547286,0.9955,0.0162818,0.00317632,ns64_slope1.5_sc0.4
64,9,22641,2000,127,0.4,clustered,1.5,3.51071,7.29661,5.65785,0.450389,0.993,0.0161781,0.00352814,ns64_slope1.5_sc0.4
64,11,22641,2000,127,0.4,clustered,1.5,3.41624,7.40065,5.09637,0.368864,0.994,0.0119183,0.00460603,ns64_slope1.5_sc0.4
64,3,22641,2000,127,0,shot-only,0,1.00815,1.01702,1.00194,0.00316667,0.0095,0.000692234,0.000714801,ns64_slope2.0_sc0.2
64,5,22641,2000,127,0,shot-only,0,1.0009,1.0099,0.996934,0.0029,0.014,0.000644048,0.000642745,ns64_slope2.0_sc0.2
64,7,22641,2000,127,0,shot-only,0,0.993081,1.02795,0.998202,0.00335714,0.02,0.000685084,0.000666456,ns64_slope2.0_sc0.2
64,9,22641,2000,127,0,shot-only,0,1.00604,1.02356,1.00422,0.00294444,0.023,0.00075787,0.000740427,ns64_slope2.0_sc0.2
64,11,22641,2000,127,0,shot-only,0,1.00862,1.03555,1.00416,0.003,0.029,0.000976105,0.000967251,ns64_slope2.0_sc0.2
64,3,22641,2000,127,0.2,clustered,2,12.2949,13.0648,12.3734,0.797333,0.99,0.0217235,0.00175187,ns64_slope2.0_sc0.2
64,5,22641,2000,127,0.2,clustered,2,9.41139,12.9659,10.8103,0.7314,0.9975,0.014318,0.00157147,ns64_slope2.0_sc0.2
64,7,22641,2000,127,0.2,clustered,2,9.0966,12.3047,10.2929,0.688071,1,0.0138158,0.00162149,ns64_slope2.0_sc0.2
64,9,22641,2000,127,0.2,clustered,2,5.52704,12.3946,9.31189,0.581611,1,0.0130149,0.00180286,ns64_slope2.0_sc0.2
64,11,22641,2000,127,0.2,clustered,2,5.365,12.2888,8.35044,0.480364,0.9995,0.00895048,0.00235124,ns64_slope2.0_sc0.2
64,3,22641,2000,127,0,shot-only,0,1.00789,1.0255,1.00877,0.0025,0.0075,0.00071533,0.000714929,ns64_slope2.0_sc0.4
64,5,22641,2000,127,0,shot-only,0,1.00102,1.02526,1.0071,0.0036,0.0165,0.00063921,0.000642752,ns64_slope2.0_sc0.4
64,7,22641,2000,127,0,shot-only,0,0.99658,1.02945,1.00151,0.00328571,0.0195,0.000672104,0.000666423,ns64_slope2.0_sc0.4
64,9,22641,2000,127,0,shot-only,0,1.00603,1.03677,1.01011,0.00361111,0.0295,0.000751588,0.00074045,ns64_slope2.0_sc0.4
64,11,22641,2000,127,0,shot-only,0,1.00598,1.04694,1.00505,0.00209091,0.0215,0.00097141,0.000967402,ns64_slope2.0_sc0.4
64,3,22641,2000,127,0.4,clustered,2,12.6585,13.5111,12.9437,0.7975,0.9925,0.0429534,0.00336445,ns64_slope2.0_sc0.4
64,5,22641,2000,127,0.4,clustered,2,9.65177,13.3738,11.0879,0.7367,0.9995,0.0281739,0.00301519,ns64_slope2.0_sc0.4
64,7,22641,2000,127,0.4,clustered,2,9.59263,13.1099,10.7488,0.711286,1,0.028063,0.00312331,ns64_slope2.0_sc0.4
64,9,22641,2000,127,0.4,clustered,2,5.68556,12.9423,9.79562,0.596444,1,0.0257303,0.00346485,ns64_slope2.0_sc0.4
64,11,22641,2000,127,0.4,clustered,2,5.52266,13.1714,8.75622,0.486682,0.9995,0.0177172,0.00452159,ns64_slope2.0_sc0.4
64,3,22641,2000,127,0,shot-only,0,1.00032,1.00959,0.999344,0.003,0.0085,0.000703208,0.000714866,ns64_slope2.5_sc0.2
64,5,22641,2000,127,0,shot-only,0,0.988908,0.990352,0.989355,0.0026,0.0125,0.000631479,0.000642759,ns64_slope2.5_sc0.2
64,7,22641,2000,127,0,shot-only,0,1.01069,1.01648,1.00383,0.003,0.018,0.000675447,0.000666319,ns64_slope2.5_sc0.2
64,9,22641,2000,127,0,shot-only,0,1.01223,1.03638,1.00776,0.00333333,0.0275,0.000746883,0.000740508,ns64_slope2.5_sc0.2
64,11,22641,2000,127,0,shot-only,0,0.998013,1.01361,0.996603,0.00222727,0.023,0.000966491,0.000967369,ns64_slope2.5_sc0.2
64,3,22641,2000,127,0.2,clustered,2.5,17.2947,18.4476,17.5612,0.853,0.9985,0.0299678,0.00171806,ns64_slope2.5_sc0.2
64,5,22641,2000,127,0.2,clustered,2.5,13.5242,19.0041,15.5979,0.8109,0.9995,0.0201193,0.00153666,ns64_slope2.5_sc0.2
64,7,22641,2000,127,0.2,clustered,2.5,13.2802,19.5254,15.0579,0.787643,1,0.0196485,0.00157958,ns64_slope2.5_sc0.2
64,9,22641,2000,127,0.2,clustered,2.5,7.75331,19.3275,13.5496,0.662111,1,0.01771,0.00174882,ns64_slope2.5_sc0.2
64,11,22641,2000,127,0.2,clustered,2.5,7.76705,19.6027,12.2973,0.550409,1,0.0128061,0.00229242,ns64_slope2.5_sc0.2
64,3,22641,2000,127,0,shot-only,0,1.01157,1.0283,1.01696,0.00516667,0.0145,0.000723144,0.000714874,ns64_slope2.5_sc0.4
64,5,22641,2000,127,0,shot-only,0,0.996533,1.04476,1.00255,0.0034,0.016,0.000639305,0.000642726,ns64_slope2.5_sc0.4
64,7,22641,2000,127,0,shot-only,0,1.01183,1.03269,1.01328,0.00414286,0.026,0.000680796,0.00066634,ns64_slope2.5_sc0.4
64,9,22641,2000,127,0,shot-only,0,1.00624,1.04695,1.00488,0.002,0.0165,0.000775398,0.000740625,ns64_slope2.5_sc0.4
64,11,22641,2000,127,0,shot-only,0,0.996606,1.01395,1.00088,0.00222727,0.023,0.000948512,0.000967299,ns64_slope2.5_sc0.4
64,3,22641,2000,127,0.4,clustered,2.5,18.8073,19.3903,18.7278,0.862,0.9965,0.0618266,0.00325947,ns64_slope2.5_sc0.4
64,5,22641,2000,127,0.4,clustered,2.5,14.3895,19.6907,16.2395,0.8219,1,0.0408276,0.00293079,ns64_slope2.5_sc0.4
64,7,22641,2000,127,0.4,clustered,2.5,14.4243,19.9949,15.8777,0.789286,1,0.0409087,0.00302789,ns64_slope2.5_sc0.4
64,9,22641,2000,127,0.4,clustered,2.5,8.35443,19.8456,14.2034,0.678444,1,0.0364879,0.00334384,ns64_slope2.5_sc0.4
64,11,22641,2000,127,0.4,clustered,2.5,8.07678,19.4854,12.8027,0.562136,1,0.0246651,0.00435707,ns64_slope2.5_sc0.4
64,3,22641,2000,127,0,shot-only,0,0.990331,0.993225,0.9874,0.00233333,0.0065,0.00070288,0.000714882,ns64_slope3.0_sc0.2
64,5,22641,2000,127,0,shot-only,0,1.00402,1.01895,0.999342,0.0031,0.015,0.000650527,0.000642627,ns64_slope3.0_sc0.2
64,7,22641,2000,127,0,shot-only,0,1.01173,1.03624,1.00638,0.00228571,0.015,0.000675371,0.000666393,ns64_slope3.0_sc0.2
64,9,22641,2000,127,0,shot-only,0,0.9941,1.01361,0.99784,0.00211111,0.0185,0.00075068,0.000740598,ns64_slope3.0_sc0.2
64,11,22641,2000,127,0,shot-only,0,1.0086,1.02446,1.0048,0.00254545,0.025,0.000962083,0.000967387,ns64_slope3.0_sc0.2
64,3,22641,2000,127,0.2,clustered,3,20.2259,22.6165,21.4441,0.883833,0.999,0.0342465,0.00167882,ns64_slope3.0_sc0.2
64,5,22641,2000,127,0.2,clustered,3,16.491,22.2991,18.5091,0.8458,1,0.0237997,0.00149073,ns64_slope3.0_sc0.2
64,7,22641,2000,127,0.2,clustered,3,16.5064,24.6408,18.4878,0.824143,1,0.0236129,0.00152727,ns64_slope3.0_sc0.2
64,9,22641,2000,127,0.2,clustered,3,9.79271,24.402,16.7051,0.700556,1,0.021188,0.00169948,ns64_slope3.0_sc0.2
64,11,22641,2000,127,0.2,clustered,3,10.0843,23.9639,15.2536,0.590409,1,0.0159038,0.00223645,ns64_slope3.0_sc0.2
64,3,22641,2000,127,0,shot-only,0,1.02889,1.04542,1.01573,0.00316667,0.0095,0.000717421,0.000714844,ns64_slope3.0_sc0.4
64,5,22641,2000,127,0,shot-only,0,1.01391,1.03051,1.01318,0.0035,0.017,0.000657929,0.000642647,ns64_slope3.0_sc0.4
64,7,22641,2000,127,0,shot-only,0,1.01295,1.02537,1.00542,0.00221429,0.014,0.000683409,0.000666497,ns64_slope3.0_sc0.4
64,9,22641,2000,127,0,shot-only,0,1.00119,1.01382,1.0034,0.00144444,0.0125,0.000743142,0.000740545,ns64_slope3.0_sc0.4
64,11,22641,2000,127,0,shot-only,0,1.0127,1.04358,1.00793,0.00213636,0.022,0.000989472,0.000967222,ns64_slope3.0_sc0.4
64,3,22641,2000,127,0.4,clustered,3,22.5056,24.0193,22.7154,0.882167,0.999,0.0722315,0.00318224,ns64_slope3.0_sc0.4
64,5,22641,2000,127,0.4,clustered,3,17.7714,23.9384,19.7806,0.8545,1,0.0486282,0.00282646,ns64_slope3.0_sc0.4
64,7,22641,2000,127,0.4,clustered,3,18.3674,26.0554,19.7354,0.835643,1,0.0496971,0.0028887,ns64_slope3.0_sc0.4
64,9,22641,2000,127,0.4,clustered,3,10.3065,26.264,17.7291,0.715889,1,0.0428813,0.00320702,ns64_slope3.0_sc0.4
64,11,22641,2000,127,0.4,clustered,3,10.4856,25.8602,16.0977,0.599455,1,0.0314554,0.00421067,ns64_slope3.0_sc0.4
