k,mode,mock_id,n_galaxies,lrt_lambda,lrt_reject,lrt_correct,snr_a,snr_b,a_true,b_true,a_hat,b_hat,tp,fp
1,additive,0,226398,49.21742417358291,True,False,"[22.199832702227592, 0.9451045263882272, 0.4524792499821705, 1.6385617448391794, 0.3143329433783069]","[3.1953531437871083, 1.2057590431765295, 1.5001791101943636, 0.5864060967262854, 0.029690869194611925]","[-0.1655007673598298, 0.0, 0.0, 0.0, 0.0]","[0.0, 0.0, 0.0, 0.0, 0.0]","[-0.18312021152777488, 0.0060766197476738735, -0.0030634603772542873, -0.014513418938868788, -0.0021136329025409142]","[-0.04141369737414066, 0.011971620911768817, 0.02308612638431583, -0.006918936031467605, 0.0002626764197535027]",1.0,0.0
1,additive,1,245476,9.181244775250889,False,True,"[5.37888626014595, 1.087650765497311, 0.656176755109242, 0.13482020051478216, 0.3434951052293996]","[1.5146087411721652, 1.9161442087406457, 1.1065207167583953, 0.8316123177846735, 0.02746888187159677]","[0.037779833953523675, 0.0, 0.0, 0.0, 0.0]","[0.0, 0.0, 0.0, 0.0, 0.0]","[0.03127336374377149, -0.006211469834536169, -0.0039470358521358755, -0.000801219889068611, -0.0019921180141411364]","[-0.012152581583979428, -0.015144807812255417, -0.008756044457767571, -0.006318021212430041, 0.00021275326269405313]",1.0,0.0
1,additive,2,235024,45.70260555776258,True,False,"[17.527672621610435, 0.04696579614277781, 0.05603151411221656, 0.03525700361219176, 0.9281442224407181]","[0.8251125873990406, 1.1499646983358316, 2.651871482526984, 4.421819364420194, 2.1802748822820326]","[-0.15352977646089802, 0.0, 0.0, 0.0, 0.0]","[0.0, 0.0, 0.0, 0.0, 0.0]","[-0.14924802796210954, -0.0003066258112347207, -0.0003518213958882688, 0.00021580548503895985, 0.005685003226448782]","[0.0074256038873658494, -0.011019163105294794, -0.03345969433044324, -0.03857938953695205, 0.023652569183996136]",1.0,0.0
1,additive,3,242470,28.883454835551674,True,False,"[6.32702240191103, 1.5411527198130248, 0.5047548274838797, 3.3171831400457683, 0.11234434345082335]","[2.473199075542318, 1.2749800676001493, 2.8981150374072047, 1.1931253812362228, 0.916205254572033]","[0.04418021459930365, 0.0, 0.0, 0.0, 0.0]","[0.0, 0.0, 0.0, 0.0, 0.0]","[0.037518602258898054, 0.008789895999683675, -0.0028792540753016602, -0.01871818541663877, 0.0006541384264311078]","[-0.020245589700887058, 0.009999359011503514, -0.025831558715010933, -0.00913338063990335, 0.007521672112330075]",1.0,0.25
1,additive,4,248594,3.4996864256954723,False,True,"[7.842316443795924, 0.05964109882195625, 1.3890019492880183, 3.5813196270264043, 0.5100147712870537]","[0.9478035792695143, 0.29887104509997536, 1.2450811949420846, 1.1546409940978353, 0.05938261215981743]","[-0.04956708246551158, 0.0, 0.0, 0.0, 0.0]","[0.0, 0.0, 0.0, 0.0, 0.0]","[-0.05029378914001798, -0.00035221828418935733, 0.008668698002719456, -0.021348837227924158, -0.0030986331054439187]","[-0.007547830097325601, 0.0025167269614088626, 0.010991545609012582, -0.00956834946819393, 0.00044422949392805084]",1.0,0.25
1,additive,5,244022,30.034442063732058,True,False,"[11.32299710353034, 1.3909417350653717, 3.620289165782791, 1.5489586829357058, 1.1901228546238791]","[0.47644696668913344, 2.076605032768511, 1.2810045168515027, 3.508631048890732, 1.396513700438743]","[0.08679199704532214, 0.0, 0.0, 0.0, 0.0]","[0.0, 0.0, 0.0, 0.0, 0.0]","[0.08191226329283022, 0.009360799952739328, -0.024872298812792515, -0.010193301305636868, 0.008043618519690975]","[0.0039173029536184395, 0.017469074190213586, -0.01194764971109686, 0.03089143670499613, 0.012892730965012478]",1.0,0.25
1,additive,6,251614,-4.177849493207759,False,True,"[28.978408770411036, 0.6712026764118416, 0.8442643589859635, 2.1557993018042634, 0.4364174422695478]","[1.3099079664008473, 1.8136722506658587, 1.5435410892374033, 0.3386634794057584, 0.1927215468728464]","[0.2960642689164259, 0.0, 0.0, 0.0, 0.0]","[0.0, 0.0, 0.0, 0.0, 0.0]","[0.2835853603838735, 0.004342548577482595, 0.00669771806071158, 0.014570435500979716, 0.002892704663864912]","[0.013166211385131604, -0.019244553319154603, 0.014937413883753786, -0.005017202047665616, -0.0023333706680026163]",1.0,0.25
1,additive,7,243786,50.49544941997374,True,False,"[13.588047772004908, 0.34070118419474976, 2.608044492293731, 4.199836115765328, 0.4493582996173776]","[0.5779680089293066, 0.08922851492147597, 2.26395385569469, 5.5637816172211965, 1.9922910211969937]","[-0.09901240006555082, 0.0, 0.0, 0.0, 0.0]","[0.0, 0.0, 0.0, 0.0, 0.0]","[-0.09946079104311055, -0.002110772599973767, 0.015307879818060303, -0.026408233281077442, -0.0025870407427357293]","[0.0049785061477914255, -0.0007107245379207183, 0.021635381267586542, -0.04792942554162395, 0.01713908264255253]",1.0,0.5
1,additive,8,236820,165.5218793806016,True,False,"[4.854920215526422, 0.26374584731306877, 8.391986801166805, 2.8533083888074677, 1.9965617633414086]","[1.8236502586980448, 1.7206066668332456, 5.575638147196814, 1.7974174777391343, 3.4209816165188984]","[-0.03304269794611896, 0.0, 0.0, 0.0, 0.0]","[0.0, 0.0, 0.0, 0.0, 0.0]","[-0.03135292681374335, -0.001639096842936161, 0.05266795189629335, 0.017418878724724262, 0.011639652273137372]","[0.01503217182161182, 0.014410050690626989, 0.07097531364849993, 0.026576481601084372, 0.04751632093666883]",1.0,0.5
1,additive,9,240883,65.28550001154326,True,False,"[3.0455114990415013, 1.7626414262644337, 4.698112831655259, 4.88157614848553, 0.20738640569642847]","[0.7576807229688429, 1.5493844934065524, 3.3851240155149283, 4.628119873396905, 1.55725021700832]","[0.02697586815480386, 0.0, 0.0, 0.0, 0.0]","[0.0, 0.0, 0.0, 0.0, 0.0]","[0.01770147900237221, -0.01044624349118527, 0.027908104621677098, 0.02977172029246808, 0.001209657189779013]","[-0.0061382974450315845, -0.011958336619588197, 0.030690429501335395, 0.04625799954604531, -0.012026508235534535]",1.0,0.5
1,multiplicative,0,226641,475.6573558079017,True,True,"[0.7344371889238838, 1.422072365646876, 0.06434121032749843, 2.3764867968341057, 0.18333560912906746]","[9.471637170986053, 1.982160920459542, 3.7095570854046667, 0.3661852067039577, 0.9306345752765295]","[0.0, 0.0, 0.0, 0.0, 0.0]","[-0.1655007673598298, 0.0, 0.0, 0.0, 0.0]","[0.004742373121604834, 0.008866307529970002, -0.00041322416536965396, -0.014936037884640506, 0.0011416374617490446]","[-0.15852782658797437, 0.01617313784787407, 0.02816774270661098, -0.0035335556422923936, 0.010295971629555164]",1.0,0.25
1,multiplicative,1,245336,17.870037058815797,True,True,"[0.16872266264010416, 0.4700144668685507, 0.9996005182898554, 0.20168234894704165, 0.050805181022007005]","[2.3698494990439456, 1.5582075158238482, 0.8633130206952939, 1.3658120219891328, 2.185817165183953]","[0.0, 0.0, 0.0, 0.0, 0.0]","[0.037779833953523675, 0.0, 0.0, 0.0, 0.0]","[-0.0010133088035902899, -0.002807244313485044, -0.005796217160147691, 0.0011449966708560846, 0.00028588094187836075]","[0.02008324221147626, -0.012815044968000781, -0.006675408608391784, -0.010566067740887797, 0.016362520765719153]",1.0,0.25
1,multiplicative,2,235595,301.2676809924051,True,True,"[0.8239797537769973, 1.2964820745840415, 0.4934054574994695, 0.8195550553573173, 0.7761816400188094]","[6.028269117638323, 0.5820388594595508, 2.9984718616285138, 1.665719948740673, 1.481789557211754]","[0.0, 0.0, 0.0, 0.0, 0.0]","[-0.15352977646089802, 0.0, 0.0, 0.0, 0.0]","[0.005317409242524565, -0.007986408792851767, 0.0030862736676847444, -0.004939522506455598, 0.004773779251579048]","[-0.11468865458791475, -0.0071530613663613974, -0.037887609955834414, -0.01877712336938602, 0.016119255662759086]",1.0,0.25
1,multiplicative,3,242399,36.171647554006995,True,True,"[1.007309915643266, 2.16235166261157, 0.2585231599081869, 3.264140198034176, 0.7922371069872737]","[1.7903851716120087, 2.3562911080819755, 2.8519607265696347, 1.7392851095926867, 2.053896138896603]","[0.0, 0.0, 0.0, 0.0, 0.0]","[0.04418021459930365, 0.0, 0.0, 0.0, 0.0]","[-0.005682793092628183, 0.012356153589639254, -0.0014897579869040736, -0.018536852248077988, 0.004439822321322502]","[0.015040800025219642, 0.02027626169606437, -0.02566209156230767, -0.014679607055028545, 0.015623333812616014]",0.0,0.75
1,multiplicative,4,247515,26.45403420002185,True,True,"[0.14668428039412226, 0.47497704219845605, 1.0690618168496147, 3.3754524741582728, 0.15455644963012893]","[4.259360721550449, 1.5462947635850102, 1.630405451814458, 0.1449025680142975, 0.1973869639242917]","[0.0, 0.0, 0.0, 0.0, 0.0]","[-0.04956708246551158, 0.0, 0.0, 0.0, 0.0]","[0.0008944582724247033, -0.0027530298066188175, 0.006767852012720779, -0.02064320313209295, -0.0009072183753180661]","[-0.03469594129503009, -0.012232387177562287, 0.014067855708854094, 0.0012030408150108859, -0.0014053746724459594]",1.0,0.0
1,multiplicative,5,244187,121.44320203093048,True,True,"[0.6897478984575022, 0.6767863913489586, 3.263839108680787, 0.9587963784675657, 0.727255233300663]","[5.160042951576686, 0.6160548578842813, 0.19410421562053576, 3.570202695321634, 2.909754156789443]","[0.0, 0.0, 0.0, 0.0, 0.0]","[0.08679199704532214, 0.0, 0.0, 0.0, 0.0]","[-0.004652413749548085, 0.004712311229689012, -0.022530066753426226, -0.006415728493251086, 0.005019631694500176]","[0.06925507459682406, 0.00513459588189852, 0.0019002019491852137, 0.03559400395115034, 0.024663534467592927]",1.0,0.5
1,multiplicative,6,250966,969.9257245384815,True,True,"[2.3728003524260988, 1.184125641318732, 1.2115237485468302, 1.6501026960909917, 0.28536495730159145]","[5.860819321806483, 1.028509210993993, 0.833955582342878, 0.11396301628555479, 0.5811560255116605]","[0.0, 0.0, 0.0, 0.0, 0.0]","[0.2960642689164259, 0.0, 0.0, 0.0, 0.0]","[0.015071875828194132, 0.007166560018857485, 0.007573163600943295, 0.01001693105786509, -0.0017870330341991322]","[0.22399692455069273, -0.010478214801609393, 0.013309455404232909, 0.0012031934547238887, 0.007070795717925264]",1.0,0.0
1,multiplicative,7,244818,156.92210744969088,True,True,"[0.40217220019629557, 0.5918269639196095, 2.91816283784011, 4.240510688415584, 0.2876255017134168]","[5.057373030488849, 0.6166340991007527, 2.87745043996862, 4.900415095790288, 1.1967461395375822]","[0.0, 0.0, 0.0, 0.0, 0.0]","[-0.09901240006555082, 0.0, 0.0, 0.0, 0.0]","[-0.0024996500522316573, -0.0035817629776209174, 0.01751223062005788, -0.02649050861970954, -0.0017712617906770005]","[-0.07248412239520316, -0.004480934011614356, 0.025102995048939588, -0.046263903616773946, 0.009950465624453378]",1.0,0.5
1,multiplicative,8,237681,180.61458106727878,True,True,"[0.6247330666688026, 0.16301955085450623, 8.222700235361536, 3.200673959162889, 1.4105027694096735]","[1.0747395632830778, 0.5093617209300286, 7.101783366972061, 2.1019355347879234, 4.700888628338646]","[0.0, 0.0, 0.0, 0.0, 0.0]","[-0.03304269794611896, 0.0, 0.0, 0.0, 0.0]","[0.0038823061885762174, -0.0009995729286622133, 0.05313744249358793, 0.020428255684700667, 0.008719823580117301]","[-0.008990259086813022, 0.005703352085719509, 0.08042305848252325, 0.023409801772847887, 0.050613666071513096]",0.0,0.75
1,multiplicative,9,240525,73.16777745045147,True,True,"[0.7413638580318413, 2.060666039123093, 4.66549003965147, 5.561205080652817, 0.40199903988333163]","[0.9854406878432281, 2.0618348817984966, 3.2676396830655303, 4.582641298097366, 3.105113025992492]","[0.0, 0.0, 0.0, 0.0, 0.0]","[0.02697586815480386, 0.0, 0.0, 0.0, 0.0]","[-0.004398502371265769, -0.012223686035030993, 0.028666312848001543, 0.03300692599257492, -0.0022706223582233164]","[0.007923160739063918, -0.017135580573146375, 0.02977613766941492, 0.04458610105032877, -0.024166621643854545]",0.0,1.0
1,combined,0,226715,329.2451262913346,True,True,"[23.773727417865132, 0.9524911775779601, 0.4780807097196743, 1.7099095523147776, 0.13846641985967212]","[7.9529767093454256, 1.0658069943910082, 1.2954867642509191, 0.6535483212438783, 0.28714589100145016]","[-0.1655007673598298, 0.0, 0.0, 0.0, 0.0]","[-0.10875369603666597, 0.0, 0.0, 0.0, 0.0]","[-0.18075982647763766, 0.005962525986015387, -0.003268881049692085, -0.014191671462148482, -0.0008479008417152048]","[-0.14277490198005716, 0.017237393107494406, 0.02505626808084467, -0.0077574442404985955, -0.005247305979465572]",1.0,0.0
1,combined,1,245113,15.854592058796698,True,True,"[5.973207234458845, 0.6986964246263819, 0.9161687652787015, 0.15392664083264074, 0.3658120265232955]","[1.9724684283758112, 1.12885839393907, 0.8944492582433055, 1.9393893733072893, 2.29513734545368]","[0.037779833953523675, 0.0, 0.0, 0.0, 0.0]","[0.020412616665433377, 0.0, 0.0, 0.0, 0.0]","[0.03643871644611797, -0.0038885743886175298, -0.005495381905606812, -0.0008892012611601083, -0.0021192855276509514]","[0.01576476549811073, -0.009047397292081224, -0.0075311169050786934, -0.014719538669820575, 0.017652242365452816]",1.0,0.25
1,combined,2,234805,101.2772030612341,True,True,"[16.481666182432765, 0.6927312988680532, 0.06812739221955273, 0.2330882984998296, 0.3825873754399431]","[5.098055843187729, 2.1658694015402316, 1.9975003747761015, 3.8473321176130906, 2.484420928731361]","[-0.15352977646089802, 0.0, 0.0, 0.0, 0.0]","[-0.08138348070267823, 0.0, 0.0, 0.0, 0.0]","[-0.14678046267897255, -0.004367722003673134, 0.00041137674928375806, -0.0014968591402909279, 0.0024892562143195678]","[-0.05799992325092577, -0.017163062178432206, -0.02807596916397272, -0.030595542611506057, 0.024388934424182242]",1.0,0.75
1,combined,3,242009,45.61195039714221,True,True,"[6.399352198710182, 1.0266314648863204, 0.07487329982977048, 3.361087070390487, 0.39379512937716105]","[4.7410631236107905, 1.193547899723697, 1.5663998949230684, 0.6916226555480308, 1.7891452028149202]","[0.04418021459930365, 0.0, 0.0, 0.0, 0.0]","[-0.028170827659685118, 0.0, 0.0, 0.0, 0.0]","[0.038694330981445584, 0.0057672861584548785, 0.0004376411264607532, -0.019695325140632138, 0.002290959320726009]","[-0.04106559609847008, 0.00972841248606631, -0.013224097246490443, -0.005757013462175533, 0.015149363110279935]",1.0,0.25
1,combined,4,248014,11.450593700266836,True,True,"[7.409189054561267, 0.13625038845350948, 1.6400969205969225, 3.5960783084487598, 0.6772509352405118]","[1.4598496941930055, 1.1489532122520898, 2.3414322467183823, 1.55404312787373, 0.6761860350929159]","[-0.04956708246551158, 0.0, 0.0, 0.0, 0.0]","[-0.012496887280783815, 0.0, 0.0, 0.0, 0.0]","[-0.04703345621831678, -0.0008172202118065973, 0.010259931663690769, -0.022271106763239637, -0.00399516299673263]","[-0.011575242638445357, -0.009668146799985535, 0.020315100335072764, -0.012877050404748932, -0.005159940522547324]",1.0,0.5
1,combined,5,244268,248.1661124610855,True,True,"[11.255055406404622, 0.9619596197891966, 3.124933514001625, 0.9000257573967827, 1.5657702860961111]","[5.338607826467252, 2.0563571404403804, 0.8670817482682285, 4.2951474237759495, 3.7405403419372423]","[0.08679199704532214, 0.0, 0.0, 0.0, 0.0]","[-0.13516372334051155, 0.0, 0.0, 0.0, 0.0]","[0.08042083567853614, 0.006541185237606145, -0.021668426595343657, -0.006197550040517592, 0.010501433997649927]","[-0.10156079033359484, 0.018706062639544784, -0.007570006404946098, 0.035037138361603506, 0.034459010754950725]",1.0,1.0
1,combined,6,251403,151.13064438602305,True,True,"[26.889600925849017, 1.3586712640327476, 1.107476101372922, 2.2264928546809757, 0.053351093156849154]","[5.353570423158841, 1.5188490658054026, 0.12101080180364725, 1.418575338019052, 1.1914560336341729]","[0.2960642689164259, 0.0, 0.0, 0.0, 0.0]","[0.10636852046988177, 0.0, 0.0, 0.0, 0.0]","[0.2888227659048926, 0.008938873272876968, 0.0073546362777251045, 0.017121142789607552, 0.00033764826453233236]","[0.09763771787262732, -0.014017488203332183, -0.0029614630527324062, 0.01983821661807579, 0.01206253808298091]",1.0,0.25
1,combined,7,244235,225.644944572623,True,True,"[11.635219739902999, 0.034190684274702496, 2.387140367902941, 4.431236780593338, 0.5725608379207493]","[5.062200227911776, 0.7475528187444831, 3.804660502026609, 4.271609331513651, 0.9753331574715133]","[-0.09901240006555082, 0.0, 0.0, 0.0, 0.0]","[-0.12438139724555959, 0.0, 0.0, 0.0, 0.0]","[-0.0973548645196915, 0.0002097231538200114, 0.015352367971210874, -0.02823804382855087, -0.0035751928981805335]","[-0.09919376645396857, 0.005853011502289166, 0.03673130905258202, -0.03826325094188391, 0.008384323488971269]",1.0,0.5
1,combined,8,237028,277.27975243115,True,True,"[4.582502297112426, 0.5028908849819829, 7.5647890015222545, 2.9450100209217682, 1.7280703662061578]","[4.084839293614336, 0.6567369712739045, 4.345097061533133, 2.4198148978502827, 5.730085381260695]","[-0.03304269794611896, 0.0, 0.0, 0.0, 0.0]","[-0.10497482254605038, 0.0, 0.0, 0.0, 0.0]","[-0.029972634341086112, -0.003088015884227486, 0.04910486560360039, 0.018353572421253784, 0.010646654875921261]","[-0.07175552965333391, 0.005761102738380142, 0.06728921547085681, 0.02693055082517653, 0.05194420149459735]",1.0,0.75
1,combined,9,241076,729.5871343849067,True,True,"[3.864125187419688, 2.662959170873936, 4.323425009386822, 5.456536120793515, 0.049830392098032854]","[5.189917423580993, 1.293524183421736, 3.091011831849489, 4.081679040805185, 1.2536276728596998]","[0.02697586815480386, 0.0, 0.0, 0.0, 0.0]","[-0.2360485614125779, 0.0, 0.0, 0.0, 0.0]","[0.022682856203631724, -0.015509839028062196, 0.028218809348414194, 0.03455125288685652, -0.0002998847762498536]","[-0.1897656204666211, -0.013520852344275844, 0.05038241549667913, 0.03589549403258447, -0.013756931936406348]",1.0,0.75
2,additive,0,243704,33.06648803652024,True,False,"[5.193008210575011, 11.931130685653557, 0.6792623784269604, 3.201375591238943, 1.332760323498096]","[1.5578373985978222, 3.4397985719273554, 1.6311651399760925, 1.4202114279434521, 3.1786355972165348]","[-0.05395026835070856, 0.1805512652231566, 0.0, 0.0, 0.0]","[0.0, 0.0, 0.0, 0.0, 0.0]","[-0.04365541629282377, 0.17826332618599947, 0.0068225034495614425, 0.0202503493336395, -0.009974228716154847]","[-0.015423236886399357, 0.03870497223037189, -0.018595451930613655, 0.015146109771054114, -0.02774976147370669]",1.0,0.3333333333333333
2,additive,1,241584,35.7531690712367,True,False,"[13.304507090979747, 16.93578156764672, 0.04919715373768482, 3.1597778796596026, 2.7710395902717084]","[0.13499510439076837, 0.2479453267929371, 2.3138557201689522, 2.8261639386415065, 3.109887693434095]","[-0.09467123636480955, 0.1393706251460694, 0.0, 0.0, 0.0]","[0.0, 0.0, 0.0, 0.0, 0.0]","[-0.10245579593981777, 0.1344024346634583, -0.0003730450705458979, -0.027724912481499962, -0.01932296368065849]","[-0.0016918554792797955, 0.004430503041781633, 0.02862395193863308, -0.029292567997759963, -0.027023855896776607]",1.0,0.6666666666666666
2,additive,2,228669,24.964149822430045,True,False,"[6.955194381864469, 10.643189730388123, 4.759353099852794, 3.67072652739681, 1.9404740658997286]","[1.2661265489701927, 1.5892015010888545, 0.49867790471775736, 2.9573795616781804, 1.5525895559516834]","[-0.04616091669567478, -0.07052086966132029, 0.0, 0.0, 0.0]","[0.0, 0.0, 0.0, 0.0, 0.0]","[-0.043453562694687295, -0.06877316946915285, 0.03280401819822206, 0.022162454842208964, 0.012331034013627491]","[0.011913923720192782, 0.013585475902473757, 0.0037629814831652893, 0.0250599343730424, 0.015424440299532226]",1.0,0.6666666666666666
2,additive,3,253076,118.16734853582602,True,False,"[5.514275870148761, 10.084743716822597, 2.2197047131558723, 3.145191671841743, 1.1300040238518005]","[3.026818937927631, 0.3494805915486856, 4.419263757387582, 1.1289151350607631, 0.0341051403904726]","[0.1939628256039105, 0.12390768035248194, 0.0, 0.0, 0.0]","[0.0, 0.0, 0.0, 0.0, 0.0]","[0.18198969653217362, 0.11994909503910368, -0.040608996965730934, -0.03484711779687576, -0.009003580789613084]","[0.03005012425942659, 0.004650370360932893, -0.07542321596442399, -0.024343425892369923, 0.0005097523944502299]",1.0,0.6666666666666666
2,additive,4,242724,102.21875775857916,True,False,"[8.642441970580546, 18.840076140466795, 3.2884679874315825, 4.1811434237854765, 2.5360316930497517]","[2.597147111460606, 0.2112819019564591, 0.3160581595833233, 7.09286822490988, 2.6489982666683427]","[-0.06667052058737304, -0.18130936749134813, 0.0, 0.0, 0.0]","[0.0, 0.0, 0.0, 0.0, 0.0]","[-0.06863637748173929, -0.17868661627085083, 0.025488286122647655, 0.039426969117763506, 0.01979779931415874]","[-0.027281479211373572, 0.0021884111602758897, -0.0028422193130476243, 0.06958630341979181, 0.028882739013182182]",1.0,1.0
2,additive,5,240535,73.03931078596906,True,False,"[11.363455481623166, 8.315707709178735, 2.6422123051757715, 2.7446998508063514, 0.6342798660265115]","[4.277628214928107, 0.11249334845996371, 3.7802336142932194, 3.7335361732567867, 0.9986366837886956]","[0.04961141977362135, -0.05659393596786554, 0.0, 0.0, 0.0]","[0.0, 0.0, 0.0, 0.0, 0.0]","[0.0710946829455698, -0.04923899383019832, -0.016420228290289725, 0.01687787756272926, -0.003638372088787033]","[0.04459043360265856, -0.0008922342861240753, -0.030977181322375664, 0.03505553946779117, -0.008958382600749222]",1.0,0.6666666666666666
2,additive,6,233395,39.02645631061205,True,False,"[8.705009899829884, 13.370031820230809, 0.7552730795640686, 1.8449198345262185, 0.3563571586311556]","[0.5239434603207318, 1.3968313804448227, 3.180421659751607, 2.5631622259805975, 1.5030852277861595]","[0.05772088539895497, 0.11338684820906224, 0.0, 0.0, 0.0]","[0.0, 0.0, 0.0, 0.0, 0.0]","[0.05927045632168627, 0.11140842029786704, 0.004708487605813442, 0.011488571584753492, -0.0023707920738310624]","[0.004407041132616582, -0.0187752245108272, 0.03390760218534804, 0.025091577007573196, -0.01730632088083184]",1.0,0.0
2,additive,7,240765,59.1003080071423,True,False,"[17.48364093510165, 16.014728019948983, 3.956169515202873, 1.8247137755038985, 0.5214326412989224]","[2.4793752869714276, 2.3763583122569205, 2.7888402933873038, 0.4951221992938212, 0.8926568841638935]","[-0.12980932237527743, -0.2118349351166139, 0.0, 0.0, 0.0]","[0.0, 0.0, 0.0, 0.0, 0.0]","[-0.1392444446515903, -0.2127692115174154, 0.041288532577216305, -0.014053548713746027, -0.006326348275972236]","[-0.0250441797776177, -0.026956899230949672, 0.04801778716375865, -0.010335255352896557, -0.008963684070881078]",1.0,0.3333333333333333
2,additive,8,245320,23.897880427472046,True,False,"[8.744034469057041, 10.53294628101821, 3.1808837182569047, 0.6247925968462186, 1.3348075501636572]","[2.2211119719917707, 2.1450150993731505, 2.30148665593777, 1.4812382076415025, 0.5679535293222628]","[0.06264786944656375, -0.07486193325943036, 0.0, 0.0, 0.0]","[0.0, 0.0, 0.0, 0.0, 0.0]","[0.0559229199005232, -0.07035745770019347, -0.020463138646231407, -0.0037572800157726106, -0.008123573746097616]","[-0.01741718026499373, -0.018071254662790456, 0.023120480668480575, -0.014441641531361116, -0.004922785214258414]",1.0,0.3333333333333333
2,additive,9,221987,40.63603034930202,True,False,"[0.1021282961897216, 19.655487057517153, 4.075941104183688, 2.719982725877931, 0.1856573925899573]","[0.5936859000705277, 0.6003883395390919, 1.9894592121105636, 0.11660222452996327, 3.3518952004938396]","[-0.007671127758639055, 0.24882997795887224, 0.0, 0.0, 0.0]","[0.0, 0.0, 0.0, 0.0, 0.0]","[-0.0008693207759728162, 0.2724358034495403, -0.04765019998410443, -0.024549296492607724, 0.0016371955255258801]","[-0.011230859839344503, 0.007023197181626606, -0.04229411147071013, -0.0023466190820431373, -0.03854555611565128]",0.5,0.6666666666666666
2,multiplicative,0,243364,532.5547360931414,True,True,"[1.7341476328923442, 0.930231531626243, 1.4582707795898102, 3.710042410035679, 0.9847881000445868]","[2.140702214848435, 3.9447165109367828, 1.6723532129445653, 0.8301902764039221, 1.6399822509185877]","[0.0, 0.0, 0.0, 0.0, 0.0]","[-0.05395026835070856, 0.1805512652231566, 0.0, 0.0, 0.0]","[0.010224989684924413, 0.005376748514786814, 0.008634840733512016, 0.021830360414826052, -0.0057710551051096985]","[-0.03492937474120296, 0.14755829092944603, -0.01989411711175805, 0.009675340153832241, -0.020269944152579787]",1.0,0.0
2,multiplicative,1,242462,456.1823150245509,True,True,"[1.1150456609510193, 0.7280074347247558, 0.6730943826466266, 4.6414451215758925, 1.8760911168494216]","[5.809566693179939, 8.6138285429783, 2.8506161224127706, 2.887364103155807, 1.308243967938618]","[0.0, 0.0, 0.0, 0.0, 0.0]","[-0.09467123636480955, 0.1393706251460694, 0.0, 0.0, 0.0]","[-0.00800249217394039, -0.005067217380019845, 0.004703023117711208, -0.0333064763836058, -0.01297538972957541]","[-0.0840850208131104, 0.12066683036250153, 0.027860658183685695, -0.028681640786237177, -0.016565272584737497]",1.0,0.6666666666666666
2,multiplicative,2,228628,80.85275162095786,True,True,"[0.945202918351859, 0.7411836531355492, 4.741444399364901, 4.21014552289761, 1.8523626426478397]","[1.308040018711543, 4.207227876706322, 0.00759060192780804, 2.928884343250423, 1.6309756963856281]","[0.0, 0.0, 0.0, 0.0, 0.0]","[-0.04616091669567478, -0.07052086966132029, 0.0, 0.0, 0.0]","[0.006008804919646861, 0.004593378896308944, 0.030631756595997102, 0.027527914161132438, 0.01163783124503852]","[-0.011991884389766196, -0.04813594944324459, -5.682715223457799e-05, 0.02886786990701323, 0.015890598322033357]",0.5,0.3333333333333333
2,multiplicative,3,252516,822.3582987212885,True,True,"[1.0592855625537545, 0.782669600617908, 6.048605337569031, 4.744206278153142, 1.5040740251063753]","[10.12497052464494, 9.479438014009412, 7.2956768458009735, 0.6261181058336258, 0.9968921304835747]","[0.0, 0.0, 0.0, 0.0, 0.0]","[0.1939628256039105, 0.12390768035248194, 0.0, 0.0, 0.0]","[0.007662619532576959, 0.0055489962568304645, -0.04360634328442696, -0.03346281194294344, -0.01039718245742171]","[0.16967246320780377, 0.1068171015714662, -0.07570299256799407, -0.004932751204768528, -0.00922358512393809]",1.0,0.3333333333333333
2,multiplicative,4,244244,640.9584082724941,True,True,"[0.7629278326739355, 0.2448293562865823, 3.1006454953756273, 5.246347495891784, 2.208217322686335]","[4.969278327760551, 9.331711893629166, 0.4361282105374192, 4.220669759063504, 3.115679909567743]","[0.0, 0.0, 0.0, 0.0, 0.0]","[-0.06667052058737304, -0.18130936749134813, 0.0, 0.0, 0.0]","[-0.005854222743935, -0.0019184961708782681, 0.025547842255620325, 0.04187875792305231, 0.016995185122859816]","[-0.06413958775545248, -0.155721548278782, -0.005346524868375564, 0.06072971068902093, 0.03331595020658001]",1.0,0.6666666666666666
2,multiplicative,5,240677,177.3528039187895,True,True,"[3.047532749033214, 1.663811656546807, 2.916229968705282, 3.615324372289508, 0.9160284775904903]","[5.519163409579956, 5.182911370256462, 3.670573623959652, 4.9418670504365805, 0.7371134528042702]","[0.0, 0.0, 0.0, 0.0, 0.0]","[0.04961141977362135, -0.05659393596786554, 0.0, 0.0, 0.0]","[0.01751706128114094, 0.00934241378063098, -0.017723828470567943, 0.02065730629083988, -0.005494342215190076]","[0.06626326824977823, -0.04942290109942638, -0.033925106273830705, 0.041694511729879494, -0.006345253909315296]",1.0,0.6666666666666666
2,multiplicative,6,233484,156.90273423853068,True,True,"[0.2961584127725407, 0.8674751334686371, 0.6739815524474754, 1.914091271460164, 0.04602044167505595]","[5.9308488305648845, 5.201245483070958, 3.626991474875057, 3.2299644825597773, 0.7677936771033576]","[0.0, 0.0, 0.0, 0.0, 0.0]","[0.05772088539895497, 0.11338684820906224, 0.0, 0.0, 0.0]","[-0.0017846122693995618, -0.005286834250053873, 0.004105716493089123, 0.011524817232528668, -0.0002894457779675661]","[0.054692104131584325, 0.06385299492822265, 0.03349474877428274, 0.029213878437289783, 0.00774187735197337]",1.0,0.6666666666666666
2,multiplicative,7,241486,961.8704438017448,True,True,"[1.7629540601375977, 0.7990269794535938, 6.652705703811727, 1.8394088592812845, 1.0351192087458845]","[6.083416542068454, 7.536189123116012, 1.9917842195930568, 0.5265556658273282, 1.9772941873255463]","[0.0, 0.0, 0.0, 0.0, 0.0]","[-0.12980932237527743, -0.2118349351166139, 0.0, 0.0, 0.0]","[-0.011700308284221273, -0.005332794519435039, 0.04486469386934542, -0.01217109331327174, -0.006532555380055428]","[-0.11788583615811907, -0.158495986505859, 0.047363221264300606, 0.005651153360268224, -0.018656549100964207]",1.0,0.0
2,multiplicative,8,245312,114.79631350568525,True,True,"[0.7070116137355634, 0.5192120316547376, 4.138333180572765, 1.170156852037464, 1.878572492419779]","[3.760220970169154, 6.666264031149771, 1.2193473369183865, 2.6287808299822095, 0.1218449658780127]","[0.0, 0.0, 0.0, 0.0, 0.0]","[0.06264786944656375, -0.07486193325943036, 0.0, 0.0, 0.0]","[-0.004494770819655938, 0.0032540394905206833, -0.025842728620869913, -0.007487151035322987, -0.011458397706226352]","[0.02950484254832201, -0.07060065242126036, 0.010746366659604567, -0.02353387249753679, -0.0011722553955454034]",1.0,0.3333333333333333
2,multiplicative,9,222278,662.5220353904788,True,True,"[1.5771849437580172, 3.4147058875193275, 8.276470983829938, 4.25571876473756, 0.17608402113260127]","[1.7013493177787924, 9.878690678629273, 5.812429268356627, 0.7730230394893908, 0.5625739048697448]","[0.0, 0.0, 0.0, 0.0, 0.0]","[-0.007671127758639055, 0.24882997795887224, 0.0, 0.0, 0.0]","[0.009903276377768062, -0.021500900196793616, -0.054525387839468344, -0.027653265666762517, -0.0010699062079232915]","[0.021008420440587407, 0.19005050571879445, -0.048416173718127745, -0.008059460432071022, -0.01163180552400083]",0.5,0.3333333333333333
2,combined,0,244235,503.3233968367913,True,True,"[6.090514521800641, 6.743851095089764, 0.7703290804058204, 2.4438330335200242, 0.375726208563603]","[6.243259297731544, 6.44309413083495, 0.8070660566925417, 2.372948640300636, 2.19020282580523]","[-0.05395026835070856, 0.1805512652231566, 0.0, 0.0, 0.0]","[0.20953021794271406, 0.04758538913768311, 0.0, 0.0, 0.0]","[-0.043860952827171326, 0.1766628215851257, 0.009612653542045478, 0.02006272635416321, -0.004114351109137425]","[0.1543213132102145, 0.07989921444051697, -0.011937017290523981, 0.037363896858462115, -0.03381673683735438]",1.0,0.6666666666666666
2,combined,1,241780,121.30477759435053,True,True,"[12.665629751880756, 17.05151135285587, 0.23353716240223815, 3.6942514346057265, 2.1658554411346316]","[0.15749793830518688, 8.71054672272625, 2.3143729179788726, 2.3251546484253316, 3.0410125873555858]","[-0.09467123636480955, 0.1393706251460694, 0.0, 0.0, 0.0]","[0.005072177427518137, -0.10740484127435886, 0.0, 0.0, 0.0]","[-0.10365277434271492, 0.13284335859130736, 0.0018066094033760138, -0.029543334276406912, -0.01499025971778289]","[0.0025817215380658856, -0.08105172070699519, 0.026862447177294094, -0.029082965714887735, -0.029154882784067256]",1.0,1.0
2,combined,2,229078,67.28530703404431,True,True,"[7.767705495883968, 10.566731771496993, 4.738634839053464, 3.574486767120952, 1.6728903399754642]","[2.966215393337885, 2.355199139954977, 1.152207523654442, 3.265264876019819, 1.9908456117196218]","[-0.04616091669567478, -0.07052086966132029, 0.0, 0.0, 0.0]","[0.04876832397762646, -0.027820779510864316, 0.0, 0.0, 0.0]","[-0.048109196473823695, -0.0682668427435578, 0.0322882696607246, 0.02243137533508804, 0.011045677511327436]","[0.049979521956829115, -0.02007117666685963, -0.008844871468378906, 0.024222141829282832, 0.016919705066893418]",1.0,0.6666666666666666
2,combined,3,253762,794.861730312492,True,True,"[8.379061053950824, 9.286642166948212, 3.9959511168039255, 3.9140243046560452, 1.2574958011847448]","[3.4154321335649613, 0.8410741044263086, 4.637591041644492, 1.7929380719128267, 0.8854491729435096]","[0.1939628256039105, 0.12390768035248194, 0.0, 0.0, 0.0]","[0.20822073825802206, -0.018909329551211367, 0.0, 0.0, 0.0]","[0.19471439128622775, 0.11931428238497563, -0.04475642178938975, -0.0373789467086408, -0.011164132780300325]","[0.18485111551737243, -0.009379865047357588, -0.08578741026435185, -0.02597593992221585, -0.00831011392935308]",1.0,0.6666666666666666
2,combined,4,243320,1111.3366631893077,True,True,"[9.603758550719014, 19.40811617570637, 2.979915964972125, 5.037038828170682, 1.5538930225891154]","[3.11208101459579, 4.162483553893779, 0.5435451263423187, 3.1828884531257287, 1.4593781464119475]","[-0.06667052058737304, -0.18130936749134813, 0.0, 0.0, 0.0]","[-0.24260903243804366, -0.05918327160177793, 0.0, 0.0, 0.0]","[-0.07988191806668257, -0.18521904795260524, 0.02534999070002211, 0.04229508307329634, 0.013342970750060149]","[-0.18429148400181, -0.05884643058638515, -0.017174660370192486, 0.07430966319337588, 0.016998183345189963]",1.0,0.6666666666666666
2,combined,5,240616,257.865007678005,True,True,"[9.620061604229441, 7.728498644089811, 2.6057942293175325, 3.1234003565719433, 1.0640692574664905]","[3.906791912313398, 6.6129027457047425, 3.2960462198657927, 3.618886224902093, 0.38525129050422696]","[0.04961141977362135, -0.05659393596786554, 0.0, 0.0, 0.0]","[0.030148210171966332, -0.11755411217091707, 0.0, 0.0, 0.0]","[0.06567449738248181, -0.04602914864108772, -0.015836177037333123, 0.018936371810602662, -0.0060612086748975825]","[0.05310399414137207, -0.0916235862888395, -0.031267813094705374, 0.0437456440498141, -0.0033318058400564096]",1.0,0.6666666666666666
2,combined,6,233762,511.3885247313301,True,True,"[7.623416033878713, 14.788116286794706, 1.4185884923678531, 1.7285340509959282, 0.5715528886618779]","[3.8917303172796673, 3.9309667112839115, 2.752957783868352, 1.6538991926579956, 0.37905241087766123]","[0.05772088539895497, 0.11338684820906224, 0.0, 0.0, 0.0]","[0.020851472793568058, -0.18623679527547696, 0.0, 0.0, 0.0]","[0.05783652075677441, 0.11609787901521124, 0.008725888946013647, 0.011855805928364119, -0.0038738189396718093]","[0.062313992517616074, -0.13985863780976704, 0.030169286598168702, 0.015152268280657612, 0.0052489659661557634]",1.0,0.3333333333333333
2,combined,7,241564,269.3861141587622,True,True,"[17.110860070082282, 13.339079729168331, 2.4210358858907335, 1.8202581487978684, 1.7112099462745898]","[0.1809593945993873, 6.357834244422459, 4.519791690235839, 0.4910198739497629, 1.9827794207468008]","[-0.12980932237527743, -0.2118349351166139, 0.0, 0.0, 0.0]","[0.022521432458564944, -0.10915133918301166, 0.0, 0.0, 0.0]","[-0.1405476939153126, -0.21211857731892214, 0.04490265503338091, -0.015311514240926832, -0.0135763066908257]","[-0.0018920753874087648, -0.10307750560214259, 0.057577746698792634, -0.009651385584861791, -0.027467061704103547]",1.0,0.3333333333333333
2,combined,8,245236,162.05390523802998,True,True,"[8.606174220171518, 10.852876815957774, 3.13444013521512, 0.8948886871158301, 1.8516920461183477]","[4.1781245920361565, 5.239250194744582, 1.6616290800554236, 1.7140575698650946, 1.924520297039301]","[0.06264786944656375, -0.07486193325943036, 0.0, 0.0, 0.0]","[0.10072097015073307, -0.06365475407478961, 0.0, 0.0, 0.0]","[0.055993199113925175, -0.07123633789476816, -0.020874057968438837, -0.005611996353285274, -0.011282890077464264]","[0.05848160300758147, -0.061047890135575385, 0.01573353853254983, -0.02123559403593974, -0.016189030579762818]",1.0,0.3333333333333333
2,combined,9,222712,445.7193811117704,True,True,"[2.0925065934043667, 20.997961113714393, 6.9375847924856915, 3.2721854616699964, 0.3678125038425047]","[2.9645888062524666, 1.872897487464566, 0.29934462156253966, 1.9775069458445538, 0.45848562094973666]","[-0.007671127758639055, 0.24882997795887224, 0.0, 0.0, 0.0]","[0.20174712678903037, -0.093963323789116, 0.0, 0.0, 0.0]","[-0.014963496024316725, 0.2748566689035077, -0.05266099096626851, -0.03167760770624882, 0.0036349105973060335]","[0.14137097169731536, -0.0535679546080136, -0.008386290153849077, -0.07442953720320322, -0.01027171229118287]",1.0,0.6666666666666666
3,additive,0,231266,7.778080118758226,False,True,"[17.94396627317496, 16.604805573956003, 15.120290845916406, 4.891054627595476, 0.4167956644177675]","[0.29548425594150857, 0.6590114516813577, 0.9770886759082434, 2.5999530151632717, 0.8902106472450173]","[0.2361961714752195, 0.11149250800542286, -0.14548332263364863, 0.0, 0.0]","[0.0, 0.0, 0.0, 0.0, 0.0]","[0.23435041362844905, 0.11905149542884766, -0.14490315885160077, -0.03583713692662854, 0.0032343783156552667]","[-0.010025341724772735, 0.006630535158672815, -0.01127147962647623, -0.026949260857066868, -0.00857639954929243]",1.0,0.5
3,additive,1,231684,68.80157457450696,True,False,"[3.518249463535764, 13.103028934762252, 14.702418776096904, 0.12165320415697696, 0.14458185789816239]","[1.583245407979325, 0.9918747050569474, 2.6157904996440773, 1.545342601254018, 0.4124589364925921]","[0.03523757588638098, 0.1418699975864273, -0.11189400901200909, 0.0, 0.0]","[0.0, 0.0, 0.0, 0.0, 0.0]","[0.02550591311224862, 0.14527574123320838, -0.10670232109859945, 0.0010459023043230334, -0.000969433899659048]","[-0.02018183170585412, 0.015929652786217524, 0.051619962907560955, 0.015966486040796844, -0.00505722165001638]",1.0,0.0
3,additive,2,248298,1.3253998805175797,False,True,"[2.3274535310241284, 2.444645775780712, 11.25451589375214, 3.295381815044805, 0.26304692780171757]","[0.2574772499209748, 1.691956876858911, 0.2501262844176789, 0.2949850317639088, 0.4212195150068852]","[0.01495019891880212, -0.03320039037497186, -0.07916879359096, 0.0, 0.0]","[0.0, 0.0, 0.0, 0.0, 0.0]","[0.0168679578576304, -0.01789334629970863, -0.09735365510113927, -0.025887913245748358, -0.0019682585248809994]","[0.0021960393209549457, 0.013371232339171136, 0.002690438520860486, 0.0024892996038321435, -0.0036643708721695563]",1.0,0.5
3,additive,3,255424,-52.10169452561604,False,True,"[6.677755293011037, 12.119281089875738, 9.151960163005866, 1.0795878764832085, 0.9298056399250634]","[0.35660601585053514, 1.532556805570726, 0.667715330906944, 1.1148386065676181, 0.9330943211267125]","[0.20900700254792484, 0.12588809070812576, 0.12861663819875063, 0.0, 0.0]","[0.0, 0.0, 0.0, 0.0, 0.0]","[0.19074827798128138, 0.12044241376089991, 0.13614843646352823, 0.009215164979958806, 0.011449663210052594]","[-0.007917650528291135, 0.017276499350568127, 0.0176334311319155, 0.024182768286066036, 0.014452042733417029]",1.0,0.0
3,additive,4,244697,59.58490491932025,True,False,"[8.649614128020586, 2.2806085580703988, 4.8765634612679865, 0.028914998170591993, 0.01862196528009749]","[5.639354372983824, 0.5830691533825275, 0.9746254360697578, 0.5899096684855354, 0.5657471474113023]","[0.4401236655735646, -0.08220895841820706, 0.2960607476721739, 0.0, 0.0]","[0.0, 0.0, 0.0, 0.0, 0.0]","[0.4090318798801633, -0.06877614575454381, 0.2091117323327961, -0.0007572287765293204, -0.0006154815606649931]","[0.06864553426134819, -0.008087331140028728, 0.017374847130565568, 0.0147208420200324, 0.015598300964162624]",1.0,0.0
3,additive,5,246809,79.51279366887684,True,False,"[0.9491261895415163, 3.291665199487788, 10.82991949714805, 2.7673214927745384, 0.1841634184676102]","[2.543412529460606, 0.007761158134637461, 4.009579488797499, 5.196299020757753, 0.8175555157549286]","[0.005321485507284433, 0.023399668592064982, 0.039624928143642525, 0.0, 0.0]","[0.0, 0.0, 0.0, 0.0, 0.0]","[-0.006157064796435928, 0.021009661407703134, 0.07271535667279377, -0.017312748110996493, 0.0011059770759581714]","[-0.02411624601968221, 6.47304144287173e-05, 0.039024930618964504, -0.05090066239999268, 0.007052238438538507]",0.6666666666666666,0.5
3,additive,6,232033,-17.423254331550197,False,True,"[10.629060112757527, 2.6112020679228145, 10.215291611113933, 0.6561820194261514, 0.09351926304388278]","[0.8104407298168999, 1.3650052892469848, 1.5626615553091292, 0.5456085796353677, 0.020335093618188214]","[0.14113499148044925, 0.040316188592409666, -0.356986712545068, 0.0, 0.0]","[0.0, 0.0, 0.0, 0.0, 0.0]","[0.13684999184007532, 0.054180770509478816, -0.35526153807906075, 0.008841162229268784, 0.002028784941699258]","[0.012287629598136432, 0.036385735930921606, -0.033666042388230476, 0.017699842580594427, 0.00026527700536261765]",1.0,0.0
3,additive,7,237198,-27.521071263801787,False,True,"[11.593315270442082, 7.082217051328272, 1.2445297167380864, 2.691888987626278, 0.5498812846666283]","[3.6638893056000343, 1.4443656062131722, 1.6174088431734421, 2.2017943580683594, 1.8151882303581632]","[0.3434550373038034, -0.0975953168605654, 0.05169917571932925, 0.0, 0.0]","[0.0, 0.0, 0.0, 0.0, 0.0]","[0.340591711687702, -0.08875192090617491, 0.01845161141349233, 0.027393854510789524, 0.006385332923670529]","[0.06542258600620914, 0.020595659456313142, -0.026762402020075033, -0.02769899939964561, 0.06332133240190398]",0.6666666666666666,0.5
3,additive,8,249457,47.50735441850156,True,False,"[15.941479875111428, 23.586095471728076, 2.1481247118228284, 1.0407569555822587, 0.6036857704881474]","[0.6643340472675546, 0.3937452444411396, 1.0568754154589817, 3.407380900995411, 3.0107043924560646]","[0.1641935410469619, 0.23912268540905593, 0.027306100645592014, 0.0, 0.0]","[0.0, 0.0, 0.0, 0.0, 0.0]","[0.16397444662131067, 0.21657613130986433, 0.01841160389836287, -0.0069500643028925745, 0.0041668415827354]","[0.0206358160428227, -0.0066807189088033585, 0.017671590974825943, -0.05725671063518153, 0.025812344427123365]",1.0,0.0
3,additive,9,223838,-63.97383769322187,False,True,"[21.523193163953003, 8.374820637003582, 2.845138686490659, 0.5701123368864853, 0.4964507164602138]","[0.6899352825876967, 1.7672041370616556, 1.1065788398790934, 1.4225192895269878, 1.8305095344810638]","[-0.17816868711856199, -0.15135527656053252, -0.033201168010180575, 0.0, 0.0]","[0.0, 0.0, 0.0, 0.0, 0.0]","[-0.19856464955022327, -0.16160936727705646, -0.02237041580271789, 0.004362334993878482, 0.004771601985589345]","[0.020661444330871505, -0.03745774105277615, -0.022475463102951253, 0.01646422613237987, -0.025574804360027917]",1.0,0.0
3,multiplicative,0,230330,933.5701111575454,True,True,"[2.7418440072450614, 0.04232565499861753, 1.8952193766627483, 6.025973111817146, 0.1890780792810133]","[7.210162679236689, 2.6650308254851853, 7.4520950613830585, 2.1514107586838347, 0.0013181261086835743]","[0.0, 0.0, 0.0, 0.0, 0.0]","[0.2361961714752195, 0.11149250800542286, -0.14548332263364863, 0.0, 0.0]","[-0.017743360459947188, 0.0002555840783572944, 0.012017813426458255, -0.03840668497328473, -0.0011557904910627194]","[0.16611521266069024, 0.06136309536077261, -0.11088280653994746, -0.02087181563726566, -2.6036354790754487e-05]",1.0,0.5
3,multiplicative,1,231628,255.66165801662646,True,True,"[2.6316464615318993, 1.6881434951367857, 0.12665644762009418, 0.8636310267922717, 0.8688153028234784]","[0.8431221988934533, 5.3399448900730215, 3.160909040724677, 1.2578499181703933, 0.05290904778061524]","[0.0, 0.0, 0.0, 0.0, 0.0]","[0.03523757588638098, 0.1418699975864273, -0.11189400901200909, 0.0, 0.0]","[-0.017612956525013383, -0.011003600371489132, 0.0008446147920972528, 0.005610804793535032, -0.005451391440206286]","[-0.006786498501149282, 0.11180765692684876, -0.026898925200048898, 0.010419812203270293, -0.0004146312926484321]",0.6666666666666666,0.0
3,multiplicative,2,248360,93.3390961815694,True,True,"[0.07523519458496451, 1.7059999923044555, 3.0211009157169406, 3.7133415538016945, 0.07017219805133088]","[2.1151612356085754, 0.9291982201273178, 4.860807466383501, 0.12503709583555825, 0.8118240692750067]","[0.0, 0.0, 0.0, 0.0, 0.0]","[0.01495019891880212, -0.03320039037497186, -0.07916879359096, 0.0, 0.0]","[0.0005432525186767144, 0.012780714042986524, -0.023195014843657876, -0.026604539976593913, -0.0004811567551267623]","[0.018555119750756667, -0.00762044144172713, -0.07041118718254319, 0.0010928998362564994, -0.006841997264121868]",0.6666666666666666,0.0
3,multiplicative,3,254147,1159.1467078826608,True,True,"[1.6671916521467771, 1.129678723924568, 5.047160446358205, 1.4705361586404457, 2.9468324772595285]","[4.270766275199432, 6.891782174933716, 4.096776917485819, 0.023887941251372828, 1.206191046095533]","[0.0, 0.0, 0.0, 0.0, 0.0]","[0.20900700254792484, 0.12588809070812576, 0.12861663819875063, 0.0, 0.0]","[0.010253472353012553, 0.007114798001172218, 0.031919059484276396, 0.00951598941921753, 0.017695482264563637]","[0.14385011565017297, 0.09281179426263245, 0.1278076391546576, -0.0002491312956211071, 0.018571222142918436]",1.0,0.0
3,multiplicative,4,237026,1884.7277710328908,True,True,"[1.7633754711699778, 0.979518403645028, 6.747447414542102, 0.016406700014848483, 0.18935260629802939]","[5.405645296106447, 0.4631791158276324, 1.9634914271815531, 0.5258123321852549, 1.5494460096625084]","[0.0, 0.0, 0.0, 0.0, 0.0]","[0.4401236655735646, -0.08220895841820706, 0.2960607476721739, 0.0, 0.0]","[0.013666125266150405, 0.007176858552780809, -0.05248990509239622, 0.00012569538335358704, -0.001438902663289817]","[0.2204247063071604, -0.0058954273074788, 0.061577224665414175, 0.008975627329883114, -0.03166531267846652]",0.3333333333333333,0.0
3,multiplicative,5,246398,127.20735150826658,True,True,"[1.2885999701182131, 0.037055832349536806, 5.6729955686151134, 2.410117009433399, 0.10456931066025354]","[1.6202533760738758, 1.0346598818324444, 4.826575486505082, 3.3538861453457685, 0.006149833620667505]","[0.0, 0.0, 0.0, 0.0, 0.0]","[0.005321485507284433, 0.023399668592064982, 0.039624928143642525, 0.0, 0.0]","[-0.00802435558553271, 0.0002371112569976451, 0.03674730503702419, -0.015429473577841591, 0.0006452377151683807]","[-0.015030615596646008, 0.009015801225789325, 0.07493346077867709, -0.03635739634792333, -6.38704385678891e-05]",0.3333333333333333,0.5
3,multiplicative,6,230421,1444.9377011845772,True,True,"[1.6570383090128438, 3.5753892941716763, 2.560143132258395, 0.11220588408798472, 0.07471949384258589]","[3.3587337237305697, 5.399251060553451, 4.121217973950506, 1.4052638314435444, 0.39907337262210973]","[0.0, 0.0, 0.0, 0.0, 0.0]","[0.14113499148044925, 0.040316188592409666, -0.356986712545068, 0.0, 0.0]","[-0.010889533307896607, 0.024461552613326918, 0.016977208713497227, 0.0007345428149899517, 0.0004839672005889094]","[0.0530908970614872, 0.075075123388211, -0.2037667582911468, -0.03884304538476906, -0.006110499032292056]",1.0,0.0
3,multiplicative,7,234513,1630.4499631786548,True,True,"[1.1621841716542087, 2.3425687726467275, 4.707559209413696, 3.956944916356827, 0.1105761793068228]","[16.99986861443252, 3.130682189446306, 2.5868279286010685, 1.7180847483038566, 0.8987179854356837]","[0.0, 0.0, 0.0, 0.0, 0.0]","[0.3434550373038034, -0.0975953168605654, 0.05169917571932925, 0.0, 0.0]","[-0.008482768183108136, 0.01647913323885595, -0.03317862973211333, 0.028788163607762155, 0.0007838310074427427]","[0.25394867203216825, -0.04647571420168008, 0.02304375239688375, -0.013845827615697817, -0.018816558359425667]",1.0,0.0
3,multiplicative,8,247924,997.6549578875438,True,True,"[1.8089779842561762, 0.18257065258437868, 1.1639982151100037, 0.33894636849707466, 1.787272285432418]","[4.014764614435043, 4.774320393173642, 1.2524466723084908, 3.328016624860854, 2.393858996833114]","[0.0, 0.0, 0.0, 0.0, 0.0]","[0.1641935410469619, 0.23912268540905593, 0.027306100645592014, 0.0, 0.0]","[0.012023701835985404, -0.0011970222426582744, -0.00754551156888623, -0.0021100532951111124, 0.011721289333156847]","[0.126536615199247, 0.16855379161743433, 0.02276388017743637, -0.034576855172358215, 0.03515419438038333]",0.6666666666666666,1.0
3,multiplicative,9,225188,583.374916813742,True,True,"[0.7441059270576694, 0.45627394646416936, 2.0334137786729687, 0.6399613112664022, 0.25214098892683273]","[5.530341919422755, 3.9455073636479385, 1.189623481813403, 0.8273867617879952, 0.5661632379809338]","[0.0, 0.0, 0.0, 0.0, 0.0]","[-0.17816868711856199, -0.15135527656053252, -0.033201168010180575, 0.0, 0.0]","[0.004601264373330251, 0.0027979193491184657, 0.012069063871889546, 0.0038943127709787392, 0.001477827592843699]","[-0.11367239466265358, -0.11588668490987852, -0.021607306570126442, -0.007972712685949158, -0.005602901151895062]",0.6666666666666666,0.0
3,combined,0,233383,982.0854824199996,True,True,"[22.322644593497227, 18.601023677427964, 20.0741436102009, 4.522268846832242, 0.00040088886967479373]","[0.2663078995848198, 1.327125385252307, 5.3284439926534475, 2.1248695478386175, 0.07038443800465741]","[0.2361961714752195, 0.11149250800542286, -0.14548332263364863, 0.0, 0.0]","[-0.031800667404401566, -0.04300948785018189, 0.3543628380320611, 0.0, 0.0]","[0.22575376762040616, 0.1238824223245389, -0.15662221389931497, -0.036322359199524965, 3.6210037278710677e-06]","[-0.005861449612453579, -0.019112415958741413, 0.20532431980765048, -0.03384799648337432, -0.0015905800206752155]",1.0,0.5
3,combined,1,232441,899.4667182363264,True,True,"[3.0966345699194173, 14.248203775352257, 14.002535044744686, 0.49199115356203815, 0.24936744651452256]","[0.42713378637095534, 2.349176414999769, 10.262875263764641, 1.3659248486041333, 0.5668286476256202]","[0.03523757588638098, 0.1418699975864273, -0.11189400901200909, 0.0, 0.0]","[0.03171847748335711, 0.009327663071226691, 0.21275312730438364, 0.0, 0.0]","[0.023337368552522473, 0.14202474324989955, -0.10223870705972123, 0.0037298054046842263, 0.0018736278821453632]","[-0.004036255740160852, 0.02394373587224253, 0.19645018062728645, 0.011788328940741971, 0.00561294746248113]",1.0,0.0
3,combined,2,248795,697.0355341946379,True,True,"[2.604825562752206, 2.8089844898302774, 11.564356692135107, 3.2359726899828187, 0.9972279573353089]","[11.17553308645188, 1.1558431725229912, 5.198777259490948, 0.06959647005304848, 0.7606463023377333]","[0.01495019891880212, -0.03320039037497186, -0.07916879359096, 0.0, 0.0]","[0.17645934665776256, -0.05963685673819899, -0.11865757124813925, 0.0, 0.0]","[0.02017991330868269, -0.02319191228113018, -0.10466302981075012, -0.024499998746816194, -0.007374630521157611]","[0.15271382616527132, -0.02774082573394442, -0.1354285233929848, 0.0006939357574671096, -0.007908094321880537]",1.0,0.5
3,combined,3,255762,568.994853248003,True,True,"[8.238323647859662, 7.632835369091673, 6.886782777347119, 0.8260608282687621, 0.784976859367149]","[0.30401386571763417, 4.096859596640068, 2.9698357338914247, 1.117906956298234, 0.28066421093460026]","[0.20900700254792484, 0.12588809070812576, 0.12861663819875063, 0.0, 0.0]","[0.04863026324974986, 0.12364803488403338, 0.09312050937350408, 0.0, 0.0]","[0.19853218946459422, 0.12409272983105003, 0.15032560815869517, 0.009135156278201606, 0.010294751456365853]","[0.01013976798907247, 0.13249796898575755, 0.1016039595513431, -0.019490770553416064, 0.006333282785725054]",1.0,0.0
3,combined,4,248125,480.7170280240116,True,True,"[10.180761264826186, 3.2801438444872737, 5.5443959261570885, 0.3974157906902506, 0.05565453351142699]","[3.587765933257849, 3.202724702487155, 7.44200416046565, 0.6505289327860108, 0.6099442943168765]","[0.4401236655735646, -0.08220895841820706, 0.2960607476721739, 0.0, 0.0]","[-0.036624700157205946, -0.15326080668654973, -0.14424185711448628, 0.0, 0.0]","[0.4028650617622388, -0.0717982939379392, 0.19548080613361718, 0.007560546172464861, 0.002102329653196257]","[0.040425540715044145, -0.09848058172608029, -0.11358770805652882, 0.018478013591002207, 0.01303481738172435]",1.0,0.0
3,combined,5,244512,1038.8248416323204,True,True,"[0.23226739402015453, 3.4155825248083396, 10.115873981954415, 1.9876733593998515, 0.40351101113624865]","[2.107403260627112, 7.705302310130016, 5.39839825295815, 1.182128640210762, 0.8160188196346465]","[0.005321485507284433, 0.023399668592064982, 0.039624928143642525, 0.0, 0.0]","[0.10159377909212315, -0.25196335756029936, -0.2171497545011294, 0.0, 0.0]","[-0.0015266421793765292, 0.022493333700398042, 0.07031748725418283, -0.013066896801972268, 0.0025219189385820547]","[0.03710301222446667, -0.18674376067782456, -0.11764502890329862, -0.027122195573864985, 0.010350906123164513]",1.0,0.0
3,combined,6,233883,315.13000860486864,True,True,"[8.519605115139477, 2.233744098720976, 10.422317432675225, 0.47248466036935993, 0.004280826704866744]","[4.573898345795267, 4.758702162041173, 0.18436054846465036, 2.196822570664367, 0.6420132736254727]","[0.14113499148044925, 0.040316188592409666, -0.356986712545068, 0.0, 0.0]","[0.08781041959634298, 0.18560947422325413, 0.08267711454356909, 0.0, 0.0]","[0.13355874129652034, 0.051596579173291184, -0.35866254127784525, 0.005603128796816292, 8.110011761513406e-05]","[0.0833599829758512, 0.13063679826985544, 0.007979302087491341, 0.03514255250171067, -0.014588300539545311]",1.0,0.5
3,combined,7,237973,117.32885242590237,True,True,"[19.41613015395943, 6.340429279841856, 1.9396524091372693, 2.756274418264333, 0.46073467534265145]","[3.2954878292064325, 5.7473954176412505, 1.968648633813385, 0.47848659976886204, 0.5217689401558024]","[0.3434550373038034, -0.0975953168605654, 0.05169917571932925, 0.0, 0.0]","[-0.15734783292474405, 0.07814791215344945, 0.08622448544277954, 0.0, 0.0]","[0.3381832354031362, -0.07984518927503247, 0.019811124477722125, 0.024001945484049464, 0.004755546277117282]","[-0.07290300967726993, 0.07498003948989108, 0.03658637207476141, -0.008111233360112664, -0.006119172681938545]",0.6666666666666666,0.5
3,combined,8,249500,361.5672840243551,True,True,"[18.185487284985, 18.577819516368432, 3.195588594408481, 1.05802082321554, 0.7423602978009235]","[3.2363185504533547, 4.824908006266291, 0.34319884704150216, 4.404031850133803, 3.5894738570455265]","[0.1641935410469619, 0.23912268540905593, 0.027306100645592014, 0.0, 0.0]","[-0.07734353864956328, -0.16689387238023531, -0.03052742736137966, 0.0, 0.0]","[0.15842475646790868, 0.20795118290393538, 0.024784566890115378, -0.00855457825127032, 0.006329665163507037]","[-0.056670273858922315, -0.13446537831666258, 0.005476567740520768, -0.04147685705499334, 0.032813073337301955]",1.0,1.0
3,combined,9,224435,314.5018472279007,True,True,"[13.473192859088098, 8.560031966505422, 2.087325524813582, 0.8376129906646842, 0.4308927483264938]","[3.1851376863104255, 4.054916624148563, 3.079943239823246, 1.0290463135252, 1.3003912738701273]","[-0.17816868711856199, -0.15135527656053252, -0.033201168010180575, 0.0, 0.0]","[0.08992326310760228, -0.0790682144262234, -0.1247935654612805, 0.0, 0.0]","[-0.2043472810203203, -0.15682527258157677, -0.01629237725406546, 0.005978846350450685, 0.0039481357195827295]","[0.03845781450982611, -0.10372932959426644, -0.1060845808307456, 0.014660106213440008, 0.019605906398973694]",1.0,0.0
