group,operation,nside,n_sys,n_pix,n_repeat,median_s,mad_s,note
micro,apply_contamination,16,5,1984,5,0.0012223071,5.83628425e-05,
micro,invert_contamination,16,5,1984,5,0.00118207198,4.64000041e-05,
micro,log_likelihood[gauss],16,5,1984,5,0.000112746027,4.26499173e-06,
micro,log_likelihood[skew],16,5,1984,5,0.000200673006,6.33997843e-07,
micro,rotate_templates,16,5,1984,5,0.000108651002,4.82995529e-06,
micro,debias_params,16,5,1984,5,1.02929771e-05,5.00003807e-07,
micro,compute_two_point_correction,16,5,1984,5,0.00146453502,4.74320259e-05,
micro,compute_covariance_matrix,16,5,1984,5,0.000388905057,4.69107181e-06,
micro,likelihood_ratio_test,16,5,1984,5,0.00115093403,1.25239603e-05,
micro,"block_bootstrap_variance[B=20,K=8]",16,5,1984,3,0.011447562,0.001672955,
micro,jackknife_covariance[K=8],16,5,1984,3,0.00314094499,0.000116428011,
micro,measure_pseudo_cl,16,5,1984,3,0.000518478104,1.23190694e-06,
maps,systematic_power_spectrum,16,5,3072,5,1.86020043e-05,1.65007077e-06,
maps,generate_systematic_map,16,5,3072,3,0.000329648959,1.14659779e-05,
maps,generate_systematic_maps,16,5,3072,3,0.00167550705,1.30649423e-05,
maps,pixelize_catalog[1e5 gal],16,5,3072,5,0.00577076606,0.000322019914,
maps,compute_overdensity,16,5,3072,5,3.70140187e-05,1.90909486e-06,
maps,assign_template_values,16,5,3072,5,8.10989877e-05,4.47034836e-07,
stage1,snr_template_ranking[template],16,5,1984,5,0.000306384056,2.03851378e-05,
stage1,snr_template_ranking[data],16,5,1984,5,0.000484465039,1.88080594e-05,
stage1,snr_template_ranking[isd],16,5,1984,5,0.000461037969,1.16890296e-05,
stage1,"snr_template_ranking[isd,poly3]",16,5,1984,5,0.00105799595,0.000218241126,
stage2,OLS,16,5,1984,2,0.000313638535,1.1854514e-05,
stage2,ISD-1,16,5,1984,2,0.0255695835,6.64014951e-05,
stage2,ElasticNet,16,5,1984,2,0.116253022,0.0060523565,
stage2,ISD-3,16,5,1984,2,0.064888799,0.00146027701,
stage2,MCMC-add,16,5,1984,2,0.117804435,0.0167265665,nuts=400
stage2,MCMC-comb,16,5,1984,2,10.8322352,0.0180097835,nuts=400
micro,apply_contamination,16,11,1984,5,0.00131459709,2.39618821e-05,
micro,invert_contamination,16,11,1984,5,0.00127514207,3.29397153e-06,
micro,log_likelihood[gauss],16,11,1984,5,5.5482029e-05,1.97300687e-06,
micro,log_likelihood[skew],16,11,1984,5,0.000157017959,1.58685725e-06,
micro,rotate_templates,16,11,1984,5,0.000148574938,5.94102312e-06,
micro,debias_params,16,11,1984,5,8.21298454e-06,2.13040039e-07,
micro,compute_two_point_correction,16,11,1984,5,0.000641615945,5.81296626e-06,
micro,compute_covariance_matrix,16,11,1984,5,0.000270313001,5.21796755e-06,
micro,likelihood_ratio_test,16,11,1984,5,0.000689571956,5.58793545e-06,
micro,"block_bootstrap_variance[B=20,K=8]",16,11,1984,3,0.011241209,2.33650208e-05,
micro,jackknife_covariance[K=8],16,11,1984,3,0.00519737706,9.95607115e-06,
micro,measure_pseudo_cl,16,11,1984,3,0.000476614921,2.17119232e-05,
maps,systematic_power_spectrum,16,11,3072,5,1.83639349e-05,1.50687993e-06,
maps,generate_systematic_map,16,11,3072,3,0.000311617041,5.25102951e-06,
maps,generate_systematic_maps,16,11,3072,3,0.00160403806,2.5171903e-05,
maps,pixelize_catalog[1e5 gal],16,11,3072,5,0.00500032399,2.7960632e-06,
maps,compute_overdensity,16,11,3072,5,3.58319376e-05,9.19913873e-07,
maps,assign_template_values,16,11,3072,5,9.33120027e-05,2.56299973e-06,
stage1,snr_template_ranking[template],16,11,1984,5,0.000569073018,9.61530022e-05,
stage1,snr_template_ranking[data],16,11,1984,5,0.00039475807,3.37711535e-05,
stage1,snr_template_ranking[isd],16,11,1984,5,0.000808699988,1.7708051e-05,
stage1,"snr_template_ranking[isd,poly3]",16,11,1984,5,0.00118666899,3.54610384e-05,
stage2,OLS,16,11,1984,2,0.000401277503,1.36924791e-05,
stage2,ISD-1,16,11,1984,2,0.156213132,0.00269129948,
stage2,ElasticNet,16,11,1984,2,0.17975315,0.000490672595,
stage2,ISD-3,16,11,1984,2,0.178550938,0.00497954548,
stage2,MCMC-add,16,11,1984,2,0.178245632,0.00437817199,nuts=400
stage2,MCMC-comb,16,11,1984,2,30.1906931,0.122239255,nuts=400
micro,apply_contamination,32,5,8064,5,0.00137500395,2.64159171e-05,
micro,invert_contamination,32,5,8064,5,0.00135820394,2.74619088e-05,
micro,log_likelihood[gauss],32,5,8064,5,0.000138666946,1.59186311e-06,
micro,log_likelihood[skew],32,5,8064,5,0.000393369934,9.4359275e-06,
micro,rotate_templates,32,5,8064,5,0.000314848032,6.42705709e-06,
micro,debias_params,32,5,8064,5,1.243304e-05,6.16069883e-07,
micro,compute_two_point_correction,32,5,8064,5,0.00107814092,1.90748833e-05,
micro,compute_covariance_matrix,32,5,8064,5,0.000923075015,1.45368977e-05,
micro,likelihood_ratio_test,32,5,8064,5,0.00151488802,1.58980256e-05,
micro,"block_bootstrap_variance[B=20,K=8]",32,5,8064,3,0.019893253,0.000518606976,
micro,jackknife_covariance[K=8],32,5,8064,3,0.00932243897,1.08790118e-06,
micro,measure_pseudo_cl,32,5,8064,3,0.00121112203,4.55300324e-06,
maps,systematic_power_spectrum,32,5,12288,5,1.77450711e-05,7.87083991e-07,
maps,generate_systematic_map,32,5,12288,3,0.000735366018,2.15050532e-05,
maps,generate_systematic_maps,32,5,12288,3,0.00393467699,2.41489615e-05,
maps,pixelize_catalog[1e5 gal],32,5,12288,5,0.00506151398,7.357914e-06,
maps,compute_overdensity,32,5,12288,5,7.8560086e-05,1.2118835e-07,
maps,assign_template_values,32,5,12288,5,0.000268287025,6.62053935e-07,
stage1,snr_template_ranking[template],32,5,8064,5,0.00063133298,0.000183270895,
stage1,snr_template_ranking[data],32,5,8064,5,0.000808628043,9.7991433e-06,
stage1,snr_template_ranking[isd],32,5,8064,5,0.00102347205,7.54939392e-05,
stage1,"snr_template_ranking[isd,poly3]",32,5,8064,5,0.00153167301,0.000164687983,
stage2,OLS,32,5,8064,2,0.000559084525,9.91852721e-06,
stage2,ISD-1,32,5,8064,2,0.283185364,0.000572705001,
stage2,ElasticNet,32,5,8064,2,0.1436996,0.00751691195,
stage2,ISD-3,32,5,8064,2,0.3826347,0.000886961992,
stage2,MCMC-add,32,5,8064,2,0.12536057,0.015121108,nuts=400
stage2,MCMC-comb,32,5,8064,2,54.3019979,0.271433589,nuts=400
micro,apply_contamination,32,11,8064,5,0.001361517,9.21695028e-06,
micro,invert_contamination,32,11,8064,5,0.001350231,1.09620159e-05,
micro,log_likelihood[gauss],32,11,8064,5,0.000135866925,3.4609111e-06,
micro,log_likelihood[skew],32,11,8064,5,0.000442233984,4.60294541e-06,
micro,rotate_templates,32,11,8064,5,0.000517055974,6.79597724e-06,
micro,debias_params,32,11,8064,5,1.20550394e-05,1.96043402e-07,
micro,compute_two_point_correction,32,11,8064,5,0.00108081999,7.00098462e-06,
micro,compute_covariance_matrix,32,11,8064,5,0.00143440301,1.05269719e-05,
micro,likelihood_ratio_test,32,11,8064,5,0.00138826889,4.19171993e-05,
micro,"block_bootstrap_variance[B=20,K=8]",32,11,8064,3,0.032633681,0.000112723908,
micro,jackknife_covariance[K=8],32,11,8064,3,0.017269905,3.5619596e-06,
micro,measure_pseudo_cl,32,11,8064,3,0.00128243794,8.56179977e-05,
maps,systematic_power_spectrum,32,11,12288,5,1.72600849e-05,6.19096681e-07,
maps,generate_systematic_map,32,11,12288,3,0.00074661395,5.12729166e-05,
maps,generate_systematic_maps,32,11,12288,3,0.00398931303,4.82709147e-05,
maps,pixelize_catalog[1e5 gal],32,11,12288,5,0.00505902001,2.54219631e-05,
maps,compute_overdensity,32,11,12288,5,7.72660132e-05,4.94997948e-07,
maps,assign_template_values,32,11,12288,5,0.000328644994,1.81957148e-07,
stage1,snr_template_ranking[template],32,11,8064,5,0.000967086991,9.22998879e-06,
stage1,snr_template_ranking[data],32,11,8064,5,0.00107621704,6.02370128e-05,
stage1,snr_template_ranking[isd],32,11,8064,5,0.00237358408,2.46168347e-05,
stage1,"snr_template_ranking[isd,poly3]",32,11,8064,5,0.00258563308,0.000126249972,
stage2,OLS,32,11,8064,2,0.00126630202,3.11102485e-06,
stage2,ISD-1,32,11,8064,2,0.661910675,0.00540011504,
stage2,ElasticNet,32,11,8064,2,0.177092732,0.00368862797,
stage2,ISD-3,32,11,8064,2,0.8988585,0.0126592185,
stage2,MCMC-add,32,11,8064,2,0.19903994,0.00419567653,nuts=400
stage2,MCMC-comb,32,11,8064,2,98.9357401,0.07489196,nuts=400
micro,apply_contamination,64,5,32512,5,0.00150289899,2.67709838e-05,
micro,invert_contamination,64,5,32512,5,0.00152296002,2.09329883e-05,
micro,log_likelihood[gauss],64,5,32512,5,0.000474067987,4.69700899e-06,
micro,log_likelihood[skew],64,5,32512,5,0.00168198394,7.01161334e-05,
micro,rotate_templates,64,5,32512,5,0.000894082012,8.61706212e-06,
micro,debias_params,64,5,32512,5,1.28040556e-05,8.99890438e-07,
micro,compute_two_point_correction,64,5,32512,5,0.00107630296,2.29830621e-05,
micro,compute_covariance_matrix,64,5,32512,5,0.003292726,0.000114627997,
micro,likelihood_ratio_test,64,5,32512,5,0.00205575197,7.13390764e-05,
micro,"block_bootstrap_variance[B=20,K=8]",64,5,32512,3,0.063844027,0.000731579959,
micro,jackknife_covariance[K=8],64,5,32512,3,0.032838058,8.04968877e-05,
micro,measure_pseudo_cl,64,5,32512,3,0.00482367596,3.20887193e-06,
maps,systematic_power_spectrum,64,5,49152,5,1.90839637e-05,6.24917448e-07,
maps,generate_systematic_map,64,5,49152,3,0.00233004603,9.21403989e-06,
maps,generate_systematic_maps,64,5,49152,3,0.012132896,5.79899643e-06,
maps,pixelize_catalog[1e5 gal],64,5,49152,5,0.00516703899,2.17489433e-05,
maps,compute_overdensity,64,5,49152,5,0.000330868992,1.0687043e-05,
maps,assign_template_values,64,5,49152,5,0.00107393297,5.15999272e-06,
stage1,snr_template_ranking[template],64,5,32512,5,0.00129294,8.7257009e-05,
stage1,snr_template_ranking[data],64,5,32512,5,0.00118233101,5.75899612e-05,
stage1,snr_template_ranking[isd],64,5,32512,5,0.00386200391,2.50700396e-05,
stage1,"snr_template_ranking[isd,poly3]",64,5,32512,5,0.00679222203,0.000472295913,
stage2,OLS,64,5,32512,2,0.00210629497,2.87770526e-05,
stage2,ISD-1,64,5,32512,2,0.996001835,0.00126681797,
stage2,ElasticNet,64,5,32512,2,0.187404435,0.0191853285,
stage2,ISD-3,64,5,32512,2,0.621669181,0.0128624105,
stage2,MCMC-add,64,5,32512,2,0.114665941,0.00942282903,nuts=400
stage2,MCMC-comb,64,5,32512,2,192.353372,0.734023854,nuts=400
micro,apply_contamination,64,11,32512,5,0.00159694091,2.37189233e-05,
micro,invert_contamination,64,11,32512,5,0.00161317491,1.20440964e-05,
micro,log_likelihood[gauss],64,11,32512,5,0.000760362949,5.7099387e-06,
micro,log_likelihood[skew],64,11,32512,5,0.00173072109,2.76990468e-05,
micro,rotate_templates,64,11,32512,5,0.00230760197,5.89520205e-05,
micro,debias_params,64,11,32512,5,1.51100103e-05,2.31084414e-07,
micro,compute_two_point_correction,64,11,32512,5,0.00116345892,5.20771137e-05,
micro,compute_covariance_matrix,64,11,32512,5,0.00429424399,0.000293942983,
micro,likelihood_ratio_test,64,11,32512,5,0.00216895097,6.2580104e-05,
micro,"block_bootstrap_variance[B=20,K=8]",64,11,32512,3,0.130889101,9.30599635e-05,
micro,jackknife_covariance[K=8],64,11,32512,3,0.0688804149,0.000106903957,
micro,measure_pseudo_cl,64,11,32512,3,0.0047876091,7.78530957e-05,
maps,systematic_power_spectrum,64,11,49152,5,1.94420572e-05,8.81031156e-07,
maps,generate_systematic_map,64,11,49152,3,0.00232278206,4.40492295e-06,
maps,generate_systematic_maps,64,11,49152,3,0.0120513811,5.92339784e-05,
maps,pixelize_catalog[1e5 gal],64,11,49152,5,0.00517579901,3.40129482e-05,
maps,compute_overdensity,64,11,49152,5,0.000356837991,1.08360546e-05,
maps,assign_template_values,64,11,49152,5,0.00150648307,3.80871352e-05,
stage1,snr_template_ranking[template],64,11,32512,5,0.00180685194,0.000127761159,
stage1,snr_template_ranking[data],64,11,32512,5,0.00140753307,2.59900698e-05,
stage1,snr_template_ranking[isd],64,11,32512,5,0.00703658804,0.00139234902,
stage1,"snr_template_ranking[isd,poly3]",64,11,32512,5,0.013087414,0.00174022501,
stage2,OLS,64,11,32512,2,0.00707837398,0.000353197975,
stage2,ISD-1,64,11,32512,2,3.13311762,0.112645183,
stage2,ElasticNet,64,11,32512,2,0.387436855,0.173978718,
stage2,ISD-3,64,11,32512,2,2.38846662,0.01064193,
stage2,MCMC-add,64,11,32512,2,0.174051012,0.00226093247,nuts=400
stage2,MCMC-comb,64,11,32512,2,325.557506,0.312932029,nuts=400
micro,apply_contamination,128,5,129536,5,0.00187764701,1.05799409e-05,
micro,invert_contamination,128,5,129536,5,0.00172630197,5.59099717e-05,
micro,log_likelihood[gauss],128,5,129536,5,0.000909994007,4.2039901e-06,
micro,log_likelihood[skew],128,5,129536,5,0.00447699998,2.40260269e-05,
micro,rotate_templates,128,5,129536,5,0.00411524891,0.000250858138,
micro,debias_params,128,5,129536,5,1.28919492e-05,3.30037437e-07,
micro,compute_two_point_correction,128,5,129536,5,0.00102915196,1.2870878e-05,
micro,compute_covariance_matrix,128,5,129536,5,0.00821995991,0.000582347973,
micro,likelihood_ratio_test,128,5,129536,5,0.00349050399,2.36940105e-05,
micro,"block_bootstrap_variance[B=20,K=8]",128,5,129536,3,0.272656208,5.26810763e-05,
micro,jackknife_covariance[K=8],128,5,129536,3,0.140273108,9.00790328e-05,
micro,measure_pseudo_cl,128,5,129536,3,0.023688245,0.000807708944,
maps,systematic_power_spectrum,128,5,196608,5,2.12219311e-05,5.41913323e-07,
maps,generate_systematic_map,128,5,196608,3,0.00915531395,9.27888323e-06,
maps,generate_systematic_maps,128,5,196608,3,0.0483821869,7.85550801e-05,
maps,pixelize_catalog[1e5 gal],128,5,196608,5,0.00548538403,1.49299158e-05,
maps,compute_overdensity,128,5,196608,5,0.00184202497,2.93770572e-05,
maps,assign_template_values,128,5,196608,5,0.004257177,2.61700479e-05,
stage1,snr_template_ranking[template],128,5,129536,5,0.00345402095,0.000455474947,
stage1,snr_template_ranking[data],128,5,129536,5,0.00394865603,3.86800384e-05,
stage1,snr_template_ranking[isd],128,5,129536,5,0.014187175,0.000133560039,
stage1,"snr_template_ranking[isd,poly3]",128,5,129536,5,0.029156972,0.00046809006,
stage2,OLS,128,5,129536,2,0.00858715799,3.57819372e-05,
stage2,ISD-1,128,5,129536,2,5.01890544,0.0352582905,
stage2,ElasticNet,128,5,129536,2,0.524498005,0.0039765765,
stage2,ISD-3,128,5,129536,2,4.62576168,0.025979048,
stage2,MCMC-add,128,5,129536,2,0.126371705,0.023956309,nuts=400
stage2,MCMC-comb,128,5,129536,2,585.066732,0.428101809,nuts=400
micro,apply_contamination,128,11,129536,5,0.00174040603,9.57306474e-06,
micro,invert_contamination,128,11,129536,5,0.00181573594,7.00796954e-06,
micro,log_likelihood[gauss],128,11,129536,5,0.00111714995,1.18128955e-05,
micro,log_likelihood[skew],128,11,129536,5,0.00425172306,1.72659056e-05,
micro,rotate_templates,128,11,129536,5,0.00478230894,0.00024125597,
micro,debias_params,128,11,129536,5,7.93102663e-06,1.0302756e-07,
micro,compute_two_point_correction,128,11,129536,5,0.000620377017,1.07809901e-05,
micro,compute_covariance_matrix,128,11,129536,5,0.013509753,2.84200069e-05,
micro,likelihood_ratio_test,128,11,129536,5,0.00670676609,8.84259352e-05,
micro,"block_bootstrap_variance[B=20,K=8]",128,11,129536,3,0.532712998,0.000244730967,
micro,jackknife_covariance[K=8],128,11,129536,3,0.276127492,0.000180134084,
micro,measure_pseudo_cl,128,11,129536,3,0.122220189,0.045763813,
maps,systematic_power_spectrum,128,11,196608,5,2.19589565e-05,8.2096085e-07,
maps,generate_systematic_map,128,11,196608,3,0.00928252807,4.12389636e-05,
maps,generate_systematic_maps,128,11,196608,3,0.0483461261,7.08689913e-06,
maps,pixelize_catalog[1e5 gal],128,11,196608,5,0.00534139003,1.59529736e-05,
maps,compute_overdensity,128,11,196608,5,0.00190081692,2.94088386e-06,
maps,assign_template_values,128,11,196608,5,0.00567107496,2.55699269e-05,
stage1,snr_template_ranking[template],128,11,129536,5,0.0047844731,2.48968136e-05,
stage1,snr_template_ranking[data],128,11,129536,5,0.007206148,9.54100396e-05,
stage1,snr_template_ranking[isd],128,11,129536,5,0.040738654,5.95489983e-05,
stage1,"snr_template_ranking[isd,poly3]",128,11,129536,5,0.0597584001,0.00124785793,
stage2,OLS,128,11,129536,2,0.0204554155,0.000121402438,
stage2,ISD-1,128,11,129536,2,17.4788847,0.0398383385,
stage2,ElasticNet,128,11,129536,2,0.499227814,0.0115402175,
stage2,ISD-3,128,11,129536,2,17.325672,0.00489083701,
stage2,MCMC-add,128,11,129536,2,0.21082485,0.0044291605,nuts=400
stage2,MCMC-comb,128,11,129536,2,4049.4432,13.0054369,nuts=400
micro,apply_contamination,256,5,517120,5,0.00357370998,5.22339251e-05,
micro,invert_contamination,256,5,517120,5,0.00396727899,3.37139936e-05,
micro,log_likelihood[gauss],256,5,517120,5,0.00214157102,1.16600422e-05,
micro,log_likelihood[skew],256,5,517120,5,0.015234528,0.000398346921,
micro,rotate_templates,256,5,517120,5,0.00931477407,8.86250054e-05,
micro,debias_params,256,5,517120,5,8.01903661e-06,2.17929482e-07,
micro,compute_two_point_correction,256,5,517120,5,0.000621616025,2.71503814e-06,
micro,compute_covariance_matrix,256,5,517120,5,0.030956454,3.03169945e-05,
micro,likelihood_ratio_test,256,5,517120,5,0.0135659419,0.000196328037,
micro,"block_bootstrap_variance[B=20,K=8]",256,5,517120,3,1.2520587,0.000269137905,
micro,jackknife_covariance[K=8],256,5,517120,3,0.624512383,0.00112383999,
micro,measure_pseudo_cl,256,5,517120,3,0.132729515,0.000440592063,
maps,systematic_power_spectrum,256,5,786432,5,2.64518894e-05,3.98838893e-07,
maps,generate_systematic_map,256,5,786432,3,0.0444104449,0.000172084081,
maps,generate_systematic_maps,256,5,786432,3,0.243445181,0.000820764108,
maps,pixelize_catalog[1e5 gal],256,5,786432,5,0.00832046499,0.000229983008,
maps,compute_overdensity,256,5,786432,5,0.0138978109,2.0375126e-05,
maps,assign_template_values,256,5,786432,5,0.015104637,1.13490969e-05,
stage1,snr_template_ranking[template],256,5,517120,5,0.011181041,0.00105816987,
stage1,snr_template_ranking[data],256,5,517120,5,0.012354653,0.000191440922,
stage1,snr_template_ranking[isd],256,5,517120,5,0.070201884,0.00159241701,
stage1,"snr_template_ranking[isd,poly3]",256,5,517120,5,0.100297706,0.00666592503,
stage2,OLS,256,5,517120,2,0.0415009785,9.7122509e-05,
stage2,ISD-1,256,5,517120,2,18.9009354,0.0207911785,
stage2,ElasticNet,256,5,517120,2,0.842590244,0.0284233735,
stage2,ISD-3,256,5,517120,2,18.9988199,0.005097271,
stage2,MCMC-add,256,5,517120,2,0.154017147,0.0019902995,nuts=400
stage2,MCMC-comb,256,5,517120,2,3026.2647,2.46065697,nuts=400
micro,apply_contamination,256,11,517120,5,0.00449204294,6.79261284e-05,
micro,invert_contamination,256,11,517120,5,0.00505445001,7.64969736e-05,
micro,log_likelihood[gauss],256,11,517120,5,0.002731335,1.83120137e-05,
micro,log_likelihood[skew],256,11,517120,5,0.0160230011,0.000515742926,
micro,rotate_templates,256,11,517120,5,0.0240954879,0.000177223119,
micro,debias_params,256,11,517120,5,7.23905396e-06,1.79046765e-07,
micro,compute_two_point_correction,256,11,517120,5,0.000606748974,1.90595165e-06,
micro,compute_covariance_matrix,256,11,517120,5,0.0621983571,0.000165044097,
micro,likelihood_ratio_test,256,11,517120,5,0.029835908,0.000131734996,
micro,"block_bootstrap_variance[B=20,K=8]",256,11,517120,3,3.0555467,0.00766045111,
micro,jackknife_covariance[K=8],256,11,517120,3,1.58061435,0.000781691982,
micro,measure_pseudo_cl,256,11,517120,3,0.130703266,7.52359629e-05,
maps,systematic_power_spectrum,256,11,786432,5,2.63749389e-05,4.68920916e-07,
maps,generate_systematic_map,256,11,786432,3,0.045155208,7.00120581e-05,
maps,generate_systematic_maps,256,11,786432,3,0.245461744,0.000138274976,
maps,pixelize_catalog[1e5 gal],256,11,786432,5,0.00879746804,3.99219571e-05,
maps,compute_overdensity,256,11,786432,5,0.0140994641,0.000103819068,
maps,assign_template_values,256,11,786432,5,0.020350839,5.61289489e-05,
stage1,snr_template_ranking[template],256,11,517120,5,0.033170974,0.000225582044,
stage1,snr_template_ranking[data],256,11,517120,5,0.042323382,0.00252756104,
stage1,snr_template_ranking[isd],256,11,517120,5,0.150673905,0.00408013607,
stage1,"snr_template_ranking[isd,poly3]",256,11,517120,5,0.200572079,0.00273876684,
stage2,OLS,256,11,517120,2,0.122316604,0.000399355544,
stage2,ISD-1,256,11,517120,2,81.1684093,0.039062904,
stage2,ElasticNet,256,11,517120,2,2.26812274,0.052008455,
stage2,ISD-3,256,11,517120,2,74.0809536,0.020568769,
stage2,MCMC-add,256,11,517120,2,0.280043357,0.00409963349,nuts=400
stage2,MCMC-comb,256,11,517120,2,12325.415,54.4011897,nuts=400
