mock_id,n_galaxies,n_good_pix,a_hat,b_hat,var_a,var_b,lrt_lambda,lrt_p,lrt_reject,per_method,a_true,a_bias,b_true,b_bias
0,249150,8064,"[0.025120195003616327, -0.11103869942543941, 0.09906048378514742]","[0.05900693054049032, -0.18614167243207702, -0.040342421185092056]","[3.926062552632494e-05, 2.9391468845013462e-05, 3.95375795814915e-05]","[4.8658716549179984e-05, 2.9382481711095645e-05, 6.451981326130597e-05]",724.4921875423042,1.025830268976154e-156,True,"{'OLS': {'a_hat': [0.02767554559552584, -0.10797299434471194, 0.10906052470520065], 'b_hat': [0.0, 0.0, 0.0], 'sigma_hat': None, 'elapsed_s': 0.0023588540007040137, 'a_bias': [-0.002796162379917297, -0.003974583720662381, 0.03401540512455492], 'b_bias': [-0.0940564716391214, 0.19510351886538366, 0.13021795068623182]}, 'ElasticNet': {'a_hat': [0.027562241852396967, -0.10785411422719492, 0.10893719608574112], 'b_hat': [0.0, 0.0, 0.0], 'sigma_hat': None, 'elapsed_s': 2.2300797260013496, 'a_bias': [-0.00290946612304617, -0.003855703603145355, 0.03389207650509539], 'b_bias': [-0.0940564716391214, 0.19510351886538366, 0.13021795068623182]}, 'ISD-1': {'a_hat': [0.027171038576514966, -0.10807166030284354, 0.11148746813621298], 'b_hat': [0.0, 0.0, 0.0], 'sigma_hat': None, 'elapsed_s': 0.029478381000444642, 'a_bias': [-0.003300669398928171, -0.00407324967879398, 0.036442348555567244], 'b_bias': [-0.0940564716391214, 0.19510351886538366, 0.13021795068623182]}, 'ISD-3': {'a_hat': [0.03308583456630469, -0.116506485313418, 0.11615660428410676], 'b_hat': [0.0, 0.0, 0.0], 'sigma_hat': None, 'elapsed_s': 0.36570065100022475, 'a_bias': [0.0026141265908615555, -0.012508074689368445, 0.04111148470346103], 'b_bias': [-0.0940564716391214, 0.19510351886538366, 0.13021795068623182]}, 'MCMC-add': {'a_hat': [0.02781681811948118, -0.1083051874057402, 0.1091481268882752], 'b_hat': [0.0, 0.0, 0.0], 'sigma_hat': 0.610138825791789, 'elapsed_s': 54.71308056199996, 'a_bias': [-0.002654889855961958, -0.004306776781690641, 0.03410300730762947], 'b_bias': [-0.0940564716391214, 0.19510351886538366, 0.13021795068623182]}, 'MCMC-comb': {'a_hat': [0.025120195003616327, -0.11103869942543941, 0.09906048378514742], 'b_hat': [0.05900693054049032, -0.18614167243207702, -0.040342421185092056], 'sigma_hat': 0.5950255912096294, 'elapsed_s': 61.49679982199996, 'a_bias': [-0.005351512971826809, -0.007040288801389849, 0.02401536420450169], 'b_bias': [-0.03504954109863108, 0.008961846433306636, 0.08987552950113976]}}","[0.030471707975443137, -0.10399841062404956, 0.07504511958064573]","[-0.005351512971826809, -0.007040288801389849, 0.02401536420450169]","[0.0940564716391214, -0.19510351886538366, -0.13021795068623182]","[-0.03504954109863108, 0.008961846433306636, 0.08987552950113976]"
1,234117,8064,"[0.03588000732099436, -0.034818002370408996, -0.045405474153589136]","[-0.05935013959115334, 0.03454697544952137, 0.061748650636709694]","[4.3110228759722894e-05, 3.5983764559433536e-05, 3.9772107458801424e-05]","[6.571737985263445e-05, 6.0455546002251336e-05, 4.580283693011629e-05]",138.58793468606382,7.619309311181989e-30,True,"{'OLS': {'a_hat': [0.036996228765934704, -0.03483316337442474, -0.0395218178713426], 'b_hat': [0.0, 0.0, 0.0], 'sigma_hat': None, 'elapsed_s': 0.0015860639996390091, 'a_bias': [0.024212188449206168, -0.0032089041400665194, -0.03784170212091372], 'b_bias': [0.08530439275735802, -0.08793979748628286, -0.07777919354289484]}, 'ElasticNet': {'a_hat': [0.03625272182148244, -0.03411202162735366, -0.03875159346217871], 'b_hat': [0.0, 0.0, 0.0], 'sigma_hat': None, 'elapsed_s': 0.7116041489989584, 'a_bias': [0.023468681504753904, -0.0024877623929954393, -0.03707147771174983], 'b_bias': [0.08530439275735802, -0.08793979748628286, -0.07777919354289484]}, 'ISD-1': {'a_hat': [0.03737689666633732, -0.034802247627228264, -0.03769070305012997], 'b_hat': [0.0, 0.0, 0.0], 'sigma_hat': None, 'elapsed_s': 0.021443066998472204, 'a_bias': [0.024592856349608783, -0.0031779883928700417, -0.03601058729970109], 'b_bias': [0.08530439275735802, -0.08793979748628286, -0.07777919354289484]}, 'ISD-3': {'a_hat': [0.027988901510237606, -0.04435157817851165, -0.0015133589290536645], 'b_hat': [0.0, 0.0, 0.0], 'sigma_hat': None, 'elapsed_s': 0.09422669000014139, 'a_bias': [0.015204861193509068, -0.01272731894415343, 0.00016675682137521513], 'b_bias': [0.08530439275735802, -0.08793979748628286, -0.07777919354289484]}, 'MCMC-add': {'a_hat': [0.03713284001710138, -0.035044063712894216, -0.03952511887918584], 'b_hat': [0.0, 0.0, 0.0], 'sigma_hat': 0.5748629615087759, 'elapsed_s': 75.99340694500097, 'a_bias': [0.024348799700372847, -0.003419804478535994, -0.03784500312875696], 'b_bias': [0.08530439275735802, -0.08793979748628286, -0.07777919354289484]}, 'MCMC-comb': {'a_hat': [0.03588000732099436, -0.034818002370408996, -0.045405474153589136], 'b_hat': [-0.05935013959115334, 0.03454697544952137, 0.061748650636709694], 'sigma_hat': 0.5726974579424517, 'elapsed_s': 82.37775615200007, 'a_bias': [0.023095967004265826, -0.0031937431360507737, -0.043725358403160254], 'b_bias': [0.02595425316620468, -0.05339282203676149, -0.016030542906185143]}}","[0.012784040316728537, -0.03162425923435822, -0.0016801157504288797]","[0.023095967004265826, -0.0031937431360507737, -0.043725358403160254]","[-0.08530439275735802, 0.08793979748628286, 0.07777919354289484]","[0.02595425316620468, -0.05339282203676149, -0.016030542906185143]"
2,233183,8064,"[0.004375646353489295, 0.11232647810319328, 0.03180186696729783]","[-0.0769317538391555, 0.04861323973327017, -0.10619380412345968]","[3.546336912095879e-05, 3.806442445808319e-05, 3.739337085148984e-05]","[6.098933853470662e-05, 5.9610248338824975e-05, 7.344600767315863e-05]",289.45210641809535,1.9076329937943318e-62,True,"{'OLS': {'a_hat': [0.00543902295914552, 0.11486955196283571, 0.035241766790603805], 'b_hat': [0.0, 0.0, 0.0], 'sigma_hat': None, 'elapsed_s': 0.0006470130010711728, 'a_bias': [-0.0011640467969760851, 0.0021454312660324215, -0.011509167434600759], 'b_bias': [0.08592924628832382, -0.036875078408249884, 0.0958882600828999]}, 'ElasticNet': {'a_hat': [0.003989655532420275, 0.11326674090873469, 0.0337222529178578], 'b_hat': [0.0, 0.0, 0.0], 'sigma_hat': None, 'elapsed_s': 0.28727480199995625, 'a_bias': [-0.0026134142237013297, 0.0005426202119313966, -0.013028681307346766], 'b_bias': [0.08592924628832382, -0.036875078408249884, 0.0958882600828999]}, 'ISD-1': {'a_hat': [0.006112108352285788, 0.1145443236326996, 0.03598750860420393], 'b_hat': [0.0, 0.0, 0.0], 'sigma_hat': None, 'elapsed_s': 0.006537081000715261, 'a_bias': [-0.000490961403835817, 0.0018202029358963118, -0.010763425621000633], 'b_bias': [0.08592924628832382, -0.036875078408249884, 0.0958882600828999]}, 'ISD-3': {'a_hat': [-0.018269319012016724, 0.13370210299129123, 0.06211262419809502], 'b_hat': [0.0, 0.0, 0.0], 'sigma_hat': None, 'elapsed_s': 0.06325203200140095, 'a_bias': [-0.02487238876813833, 0.02097798229448794, 0.015361689972890454], 'b_bias': [0.08592924628832382, -0.036875078408249884, 0.0958882600828999]}, 'MCMC-add': {'a_hat': [0.005466001578591608, 0.1149978359586443, 0.03564136297651746], 'b_hat': [0.0, 0.0, 0.0], 'sigma_hat': 0.5654260262861326, 'elapsed_s': 103.83043315400027, 'a_bias': [-0.0011370681775299974, 0.002273715261841003, -0.011109571248687104], 'b_bias': [0.08592924628832382, -0.036875078408249884, 0.0958882600828999]}, 'MCMC-comb': {'a_hat': [0.004375646353489295, 0.11232647810319328, 0.03180186696729783], 'b_hat': [-0.0769317538391555, 0.04861323973327017, -0.10619380412345968], 'sigma_hat': 0.5611706406868309, 'elapsed_s': 107.75948032700035, 'a_bias': [-0.0022274234026323104, -0.000397642593610012, -0.014949067257906734], 'b_bias': [0.008997492449168323, 0.011738161325020285, -0.010305544040559778]}}","[0.006603069756121605, 0.11272412069680329, 0.046750934225204564]","[-0.0022274234026323104, -0.000397642593610012, -0.014949067257906734]","[-0.08592924628832382, 0.036875078408249884, -0.0958882600828999]","[0.008997492449168323, 0.011738161325020285, -0.010305544040559778]"
3,241225,8064,"[0.08365739893924524, -0.009137875345689899, -0.015539529090486313]","[-0.07391289785424984, 0.10829932782776606, 0.0050986916019488395]","[3.21837005427191e-05, 3.220640357101644e-05, 3.450880679594354e-05]","[6.302618339266931e-05, 5.019562929653622e-05, 7.006507942911221e-05]",290.3782330413469,1.20248016003075e-62,True,"{'OLS': {'a_hat': [0.0825533422273221, -0.0072632144388552035, -0.013055927293197492], 'b_hat': [0.0, 0.0, 0.0], 'sigma_hat': None, 'elapsed_s': 0.00047468199954892043, 'a_bias': [-0.0052916879034051595, -0.002270623340229914, 0.005430309061328565], 'b_bias': [0.06809295444039414, -0.12225413386740303, 0.015452948206880215]}, 'ElasticNet': {'a_hat': [0.0659695057028916, -0.0, -0.0], 'b_hat': [0.0, 0.0, 0.0], 'sigma_hat': None, 'elapsed_s': 0.2186684560001595, 'a_bias': [-0.02187552442783565, 0.00499259109862529, 0.018486236354526057], 'b_bias': [0.06809295444039414, -0.12225413386740303, 0.015452948206880215]}, 'ISD-1': {'a_hat': [0.08256228020779416, -0.006993335551418463, -0.013118840310870492], 'b_hat': [0.0, 0.0, 0.0], 'sigma_hat': None, 'elapsed_s': 0.006226438999874517, 'a_bias': [-0.005282749922933094, -0.0020007444527931732, 0.005367396043655565], 'b_bias': [0.06809295444039414, -0.12225413386740303, 0.015452948206880215]}, 'ISD-3': {'a_hat': [0.07424385560129351, -0.0005287270073845315, -0.015141454923615546], 'b_hat': [0.0, 0.0, 0.0], 'sigma_hat': None, 'elapsed_s': 0.044813683998654597, 'a_bias': [-0.01360117452943374, 0.004463864091240758, 0.003344781430910512], 'b_bias': [0.06809295444039414, -0.12225413386740303, 0.015452948206880215]}, 'MCMC-add': {'a_hat': [0.0825904286299705, -0.007339260424916585, -0.012787829303896913], 'b_hat': [0.0, 0.0, 0.0], 'sigma_hat': 0.5345332517543757, 'elapsed_s': 86.11565644700022, 'a_bias': [-0.005254601500756753, -0.002346669326291295, 0.005698407050629144], 'b_bias': [0.06809295444039414, -0.12225413386740303, 0.015452948206880215]}, 'MCMC-comb': {'a_hat': [0.08365739893924524, -0.009137875345689899, -0.015539529090486313], 'b_hat': [-0.07391289785424984, 0.10829932782776606, 0.0050986916019488395], 'sigma_hat': 0.5304506363154485, 'elapsed_s': 95.8896808240006, 'a_bias': [-0.004187631191482008, -0.004145284247064609, 0.0029467072640397447], 'b_bias': [-0.005819943413855708, -0.01395480603963696, 0.020551639808829056]}}","[0.08784503013072725, -0.00499259109862529, -0.018486236354526057]","[-0.004187631191482008, -0.004145284247064609, 0.0029467072640397447]","[-0.06809295444039414, 0.12225413386740303, -0.015452948206880215]","[-0.005819943413855708, -0.01395480603963696, 0.020551639808829056]"
4,237000,8064,"[-0.03441071289766038, -0.025936062090843523, 0.08651918844505518]","[0.05497884465043039, 0.07797308771902853, 0.05983411646396132]","[3.857590360373616e-05, 3.985559219685096e-05, 3.8086220118605866e-05]","[5.935346830309088e-05, 5.2459986839992224e-05, 5.990571603601979e-05]",214.7289471317181,2.767550272553987e-46,True,"{'OLS': {'a_hat': [-0.03626579507450374, -0.026484644800922358, 0.08722654261063228], 'b_hat': [0.0, 0.0, 0.0], 'sigma_hat': None, 'elapsed_s': 0.006673605001196847, 'a_bias': [0.006566987141806986, 0.008728710247900603, 0.03399562405529741], 'b_bias': [-0.036544406436407835, -0.04127326115959884, -0.043082100300788274]}, 'ElasticNet': {'a_hat': [-0.035870630700816204, -0.02611530655761718, 0.08681659977566723], 'b_hat': [0.0, 0.0, 0.0], 'sigma_hat': None, 'elapsed_s': 0.34485013100129436, 'a_bias': [0.006962151515494522, 0.009098048491205782, 0.033585681220332356], 'b_bias': [-0.036544406436407835, -0.04127326115959884, -0.043082100300788274]}, 'ISD-1': {'a_hat': [-0.03660184706018746, -0.027181367976958012, 0.08695132629903285], 'b_hat': [0.0, 0.0, 0.0], 'sigma_hat': None, 'elapsed_s': 0.005042962999141309, 'a_bias': [0.006230935156123267, 0.008031987071864949, 0.03372040774369797], 'b_bias': [-0.036544406436407835, -0.04127326115959884, -0.043082100300788274]}, 'ISD-3': {'a_hat': [-0.041869895204162434, -0.021504787816924435, 0.11056030542244957], 'b_hat': [0.0, 0.0, 0.0], 'sigma_hat': None, 'elapsed_s': 0.07016716600082873, 'a_bias': [0.0009628870121482919, 0.013708567231898526, 0.057329386867114696], 'b_bias': [-0.036544406436407835, -0.04127326115959884, -0.043082100300788274]}, 'MCMC-add': {'a_hat': [-0.035851493648647356, -0.02640658839661865, 0.08750043719571578], 'b_hat': [0.0, 0.0, 0.0], 'sigma_hat': 0.5797434487649604, 'elapsed_s': 85.41183728599935, 'a_bias': [0.00698128856766337, 0.008806766652204312, 0.0342695186403809], 'b_bias': [-0.036544406436407835, -0.04127326115959884, -0.043082100300788274]}, 'MCMC-comb': {'a_hat': [-0.03441071289766038, -0.025936062090843523, 0.08651918844505518], 'b_hat': [0.05497884465043039, 0.07797308771902853, 0.05983411646396132], 'sigma_hat': 0.5754563953436433, 'elapsed_s': 81.63782073900074, 'a_bias': [0.008422069318650346, 0.009277292957979438, 0.03328826988972031], 'b_bias': [0.018434438214022554, 0.03669982655942969, 0.016752016163173046]}}","[-0.042832782216310726, -0.03521335504882296, 0.05323091855533488]","[0.008422069318650346, 0.009277292957979438, 0.03328826988972031]","[0.036544406436407835, 0.04127326115959884, 0.043082100300788274]","[0.018434438214022554, 0.03669982655942969, 0.016752016163173046]"
5,262263,8064,"[0.18468128630401257, -0.027099586787747664, -0.030791343331412358]","[-0.07169539942730492, 0.05301610871096104, 0.07103125210807315]","[3.9315032150086825e-05, 3.637245936456705e-05, 3.896426212445028e-05]","[5.475891059875253e-05, 5.854095537683454e-05, 7.000525449013404e-05]",186.85071328944105,2.9233208868687643e-40,True,"{'OLS': {'a_hat': [0.18236285271444252, -0.02805050637281739, -0.032063160016141755], 'b_hat': [0.0, 0.0, 0.0], 'sigma_hat': None, 'elapsed_s': 0.0007059420004225103, 'a_bias': [-0.031801907372603605, 0.012590995265644167, 0.01916111289101198], 'b_bias': [0.08137727282478778, -0.06159794225754957, -0.11289722927208917]}, 'ElasticNet': {'a_hat': [0.18205604574132905, -0.027791365585574657, -0.03178564308104998], 'b_hat': [0.0, 0.0, 0.0], 'sigma_hat': None, 'elapsed_s': 0.2286379120014317, 'a_bias': [-0.032108714345717076, 0.012850136052886901, 0.019438629826103754], 'b_bias': [0.08137727282478778, -0.06159794225754957, -0.11289722927208917]}, 'ISD-1': {'a_hat': [0.17958175936492576, -0.029452745341357417, -0.02919937148782154], 'b_hat': [0.0, 0.0, 0.0], 'sigma_hat': None, 'elapsed_s': 0.005105699001433095, 'a_bias': [-0.034583000722120366, 0.011188756297104141, 0.022024901419332197], 'b_bias': [0.08137727282478778, -0.06159794225754957, -0.11289722927208917]}, 'ISD-3': {'a_hat': [0.19413439264684318, -0.04560087960560724, -0.04563557352503964], 'b_hat': [0.0, 0.0, 0.0], 'sigma_hat': None, 'elapsed_s': 0.06025011800011271, 'a_bias': [-0.02003036744020295, -0.004959377967145684, 0.005588699382114093], 'b_bias': [0.08137727282478778, -0.06159794225754957, -0.11289722927208917]}, 'MCMC-add': {'a_hat': [0.18221440758821267, -0.028172272381162784, -0.031921456743102136], 'b_hat': [0.0, 0.0, 0.0], 'sigma_hat': 0.5636218970593692, 'elapsed_s': 83.78254463800113, 'a_bias': [-0.03195035249883346, 0.012469229257298774, 0.0193028161640516], 'b_bias': [0.08137727282478778, -0.06159794225754957, -0.11289722927208917]}, 'MCMC-comb': {'a_hat': [0.18468128630401257, -0.027099586787747664, -0.030791343331412358], 'b_hat': [-0.07169539942730492, 0.05301610871096104, 0.07103125210807315], 'sigma_hat': 0.5617034985578074, 'elapsed_s': 87.46219005899911, 'a_bias': [-0.029483473783033565, 0.013541914850713894, 0.020432929575741377], 'b_bias': [0.00968187339748286, -0.008581833546588528, -0.04186597716401602]}}","[0.21416476008704613, -0.04064150163846156, -0.051224272907153735]","[-0.029483473783033565, 0.013541914850713894, 0.020432929575741377]","[-0.08137727282478778, 0.06159794225754957, 0.11289722927208917]","[0.00968187339748286, -0.008581833546588528, -0.04186597716401602]"
6,249583,8064,"[-0.005867633191777675, -0.08100623086522, -0.08167128784692192]","[0.06105589852125693, 0.06093805655222744, 0.019402466295326347]","[3.82271588772617e-05, 3.80479199690754e-05, 4.029395103155723e-05]","[5.8453017477396955e-05, 5.739484554346628e-05, 5.410818606885607e-05]",121.21947030307092,4.21494705982206e-26,True,"{'OLS': {'a_hat': [-0.006542000913569877, -0.08130146264064743, -0.08318118225130687], 'b_hat': [0.0, 0.0, 0.0], 'sigma_hat': None, 'elapsed_s': 0.0006775649999326561, 'a_bias': [0.004852744851917631, 0.0027141850556053754, -0.000733060682182915], 'b_bias': [-0.06505927878247011, -0.07432541712034423, -0.0543154268305195]}, 'ElasticNet': {'a_hat': [-0.002453888480322974, -0.07691174004064052, -0.07869997641266278], 'b_hat': [0.0, 0.0, 0.0], 'sigma_hat': None, 'elapsed_s': 0.23034628399909707, 'a_bias': [0.008940857285164534, 0.007103907655612279, 0.0037481451564611717], 'b_bias': [-0.06505927878247011, -0.07432541712034423, -0.0543154268305195]}, 'ISD-1': {'a_hat': [-0.007572175694297947, -0.08147503997661021, -0.08215021709729986], 'b_hat': [0.0, 0.0, 0.0], 'sigma_hat': None, 'elapsed_s': 0.0063613549991714535, 'a_bias': [0.003822570071189561, 0.002540607719642596, 0.0002979044718240953], 'b_bias': [-0.06505927878247011, -0.07432541712034423, -0.0543154268305195]}, 'ISD-3': {'a_hat': [-0.003498045812074898, -0.08657855041181355, -0.0646618306724454], 'b_hat': [0.0, 0.0, 0.0], 'sigma_hat': None, 'elapsed_s': 0.018865529000322567, 'a_bias': [0.00789669995341261, -0.0025629027155607415, 0.01778629089667856], 'b_bias': [-0.06505927878247011, -0.07432541712034423, -0.0543154268305195]}, 'MCMC-add': {'a_hat': [-0.006459385047361692, -0.08130379664842521, -0.08305741126763355], 'b_hat': [0.0, 0.0, 0.0], 'sigma_hat': 0.5625342717079134, 'elapsed_s': 81.94441123400065, 'a_bias': [0.004935360718125816, 0.0027118510478275903, -0.0006092896985095964], 'b_bias': [-0.06505927878247011, -0.07432541712034423, -0.0543154268305195]}, 'MCMC-comb': {'a_hat': [-0.005867633191777675, -0.08100623086522, -0.08167128784692192], 'b_hat': [0.06105589852125693, 0.06093805655222744, 0.019402466295326347], 'sigma_hat': 0.5609018694570758, 'elapsed_s': 78.47957976299949, 'a_bias': [0.005527112573709833, 0.003009416831032799, 0.0007768337222020388], 'b_bias': [-0.004003380261213184, -0.013387360568116784, -0.034912960535193154]}}","[-0.011394745765487508, -0.0840156476962528, -0.08244812156912396]","[0.005527112573709833, 0.003009416831032799, 0.0007768337222020388]","[0.06505927878247011, 0.07432541712034423, 0.0543154268305195]","[-0.004003380261213184, -0.013387360568116784, -0.034912960535193154]"
7,246805,8064,"[-0.0677152628621508, 0.029073715383134465, -0.05911951049570807]","[0.013370150541023298, 0.08309371204340932, -0.03391714551553945]","[3.8038337639724045e-05, 3.865836843681318e-05, 4.094454152943064e-05]","[6.265649694497011e-05, 6.0984861695472765e-05, 6.648654748814718e-05]",131.20952101516195,2.96763277421731e-28,True,"{'OLS': {'a_hat': [-0.06787272032858946, 0.03014569434976226, -0.0602249491189638], 'b_hat': [0.0, 0.0, 0.0], 'sigma_hat': None, 'elapsed_s': 0.0004673450002883328, 'a_bias': [-0.0013217495997200207, 0.0069295620430902816, -0.07189353003303661], 'b_bias': [-0.021868859672901295, -0.087142877794819, -0.022359554877468227]}, 'ElasticNet': {'a_hat': [-0.0678006603518249, 0.030078285978091524, -0.060153001954761934], 'b_hat': [0.0, 0.0, 0.0], 'sigma_hat': None, 'elapsed_s': 0.13215270200089435, 'a_bias': [-0.0012496896229554633, 0.006862153671419544, -0.07182158286883475], 'b_bias': [-0.021868859672901295, -0.087142877794819, -0.022359554877468227]}, 'ISD-1': {'a_hat': [-0.06750367703634072, 0.02984666951681185, -0.05907333357355749], 'b_hat': [0.0, 0.0, 0.0], 'sigma_hat': None, 'elapsed_s': 0.0012269180006114766, 'a_bias': [-0.0009527063074712822, 0.00663053721013987, -0.07074191448763031], 'b_bias': [-0.021868859672901295, -0.087142877794819, -0.022359554877468227]}, 'ISD-3': {'a_hat': [-0.07143111611514362, 0.02519265357916049, -0.04311118766661615], 'b_hat': [0.0, 0.0, 0.0], 'sigma_hat': None, 'elapsed_s': 0.047519165000267094, 'a_bias': [-0.004880145386274182, 0.0019765212724885094, -0.054779768580688976], 'b_bias': [-0.021868859672901295, -0.087142877794819, -0.022359554877468227]}, 'MCMC-add': {'a_hat': [-0.06773414315576146, 0.029983404442654966, -0.0601728772400214], 'b_hat': [0.0, 0.0, 0.0], 'sigma_hat': 0.5671161655486445, 'elapsed_s': 53.76544535499852, 'a_bias': [-0.001183172426892018, 0.0067672721359829865, -0.07184145815409422], 'b_bias': [-0.021868859672901295, -0.087142877794819, -0.022359554877468227]}, 'MCMC-comb': {'a_hat': [-0.0677152628621508, 0.029073715383134465, -0.05911951049570807], 'b_hat': [0.013370150541023298, 0.08309371204340932, -0.03391714551553945], 'sigma_hat': 0.5642485534611956, 'elapsed_s': 74.28316471499966, 'a_bias': [-0.0011642921332813555, 0.005857583076462485, -0.0707880914097809], 'b_bias': [-0.008498709131877996, -0.004049165751409678, -0.056276700393007674]}}","[-0.06655097072886944, 0.02321613230667198, 0.011668580914072822]","[-0.0011642921332813555, 0.005857583076462485, -0.0707880914097809]","[0.021868859672901295, 0.087142877794819, 0.022359554877468227]","[-0.008498709131877996, -0.004049165751409678, -0.056276700393007674]"
8,245481,8064,"[0.06154517554450489, -0.0011984917478313091, -0.05126004224514233]","[0.0504782468667268, -0.1444054777961922, -0.1353005560160268]","[4.159962131362326e-05, 3.653976993725651e-05, 4.009391753152798e-05]","[5.793142674858102e-05, 4.632517381788628e-05, 4.2150924542093384e-05]",773.0385768765464,3.043737835228622e-167,True,"{'OLS': {'a_hat': [0.0634903369127614, -0.0028618076163942838, -0.07379621759195142], 'b_hat': [0.0, 0.0, 0.0], 'sigma_hat': None, 'elapsed_s': 0.0005434519989648834, 'a_bias': [-0.004401019394428093, -0.00961971456528343, -0.10270815746094983], 'b_bias': [-0.06312882258385404, 0.14571558198556664, 0.031967121635730136]}, 'ElasticNet': {'a_hat': [0.056314741265699665, -0.0, -0.06640714631384899], 'b_hat': [0.0, 0.0, 0.0], 'sigma_hat': None, 'elapsed_s': 0.1925076210009138, 'a_bias': [-0.01157661504148983, -0.006757906948889146, -0.0953190861828474], 'b_bias': [-0.06312882258385404, 0.14571558198556664, 0.031967121635730136]}, 'ISD-1': {'a_hat': [0.06338254060330482, -0.0016909969670014652, -0.06953220740895248], 'b_hat': [0.0, 0.0, 0.0], 'sigma_hat': None, 'elapsed_s': 0.0016552149991184706, 'a_bias': [-0.004508815703884672, -0.00844890391589061, -0.0984441472779509], 'b_bias': [-0.06312882258385404, 0.14571558198556664, 0.031967121635730136]}, 'ISD-3': {'a_hat': [0.07099282834729352, 0.0020207777185214586, -0.07717693070715755], 'b_hat': [0.0, 0.0, 0.0], 'sigma_hat': None, 'elapsed_s': 0.040423834001558134, 'a_bias': [0.0031014720401040252, -0.004737129230367688, -0.10608887057615596], 'b_bias': [-0.06312882258385404, 0.14571558198556664, 0.031967121635730136]}, 'MCMC-add': {'a_hat': [0.06326003991876783, -0.0028458511183134054, -0.07393555920633409], 'b_hat': [0.0, 0.0, 0.0], 'sigma_hat': 0.6346584680040458, 'elapsed_s': 44.1314685189991, 'a_bias': [-0.004631316388421666, -0.009603758067202551, -0.1028474990753325], 'b_bias': [-0.06312882258385404, 0.14571558198556664, 0.031967121635730136]}, 'MCMC-comb': {'a_hat': [0.06154517554450489, -0.0011984917478313091, -0.05126004224514233], 'b_hat': [0.0504782468667268, -0.1444054777961922, -0.1353005560160268], 'sigma_hat': 0.6176696826299257, 'elapsed_s': 44.51248640999984, 'a_bias': [-0.006346180762684603, -0.007956398696720456, -0.08017198211414074], 'b_bias': [-0.012650575717127237, 0.0013101041893744392, -0.10333343438029667]}}","[0.0678913563071895, 0.006757906948889146, 0.028911939868998416]","[-0.006346180762684603, -0.007956398696720456, -0.08017198211414074]","[0.06312882258385404, -0.14571558198556664, -0.031967121635730136]","[-0.012650575717127237, 0.0013101041893744392, -0.10333343438029667]"
9,233155,8064,"[-0.06580540966665349, -0.05823637241454176, -0.03312438890359636]","[0.11735433422418973, -0.07505673238405691, 0.07433017321943744]","[3.7375213775459764e-05, 3.671458937928974e-05, 3.957178843757829e-05]","[5.4565665096806084e-05, 5.341829218049215e-05, 6.369136715476384e-05]",413.6140388752701,2.489640007040418e-89,True,"{'OLS': {'a_hat': [-0.06729884595661079, -0.060429228545946095, -0.032570264195083735], 'b_hat': [0.0, 0.0, 0.0], 'sigma_hat': None, 'elapsed_s': 0.00045136399967304897, 'a_bias': [-0.020261580527331235, 0.0034585562783881058, -0.00505603907241536], 'b_bias': [-0.1494941311234396, 0.08658311156932433, -0.09682783545914808]}, 'ElasticNet': {'a_hat': [-0.06641943224701297, -0.05955641580713871, -0.03170522308249696], 'b_hat': [0.0, 0.0, 0.0], 'sigma_hat': None, 'elapsed_s': 0.13662412200028484, 'a_bias': [-0.019382166817733415, 0.00433136901719549, -0.004190997959828583], 'b_bias': [-0.1494941311234396, 0.08658311156932433, -0.09682783545914808]}, 'ISD-1': {'a_hat': [-0.06747131468997121, -0.06007885180998658, -0.033503338495424737], 'b_hat': [0.0, 0.0, 0.0], 'sigma_hat': None, 'elapsed_s': 0.0011233440000069095, 'a_bias': [-0.02043404926069166, 0.0038089330143476208, -0.005989113372756361], 'b_bias': [-0.1494941311234396, 0.08658311156932433, -0.09682783545914808]}, 'ISD-3': {'a_hat': [-0.055028576078403744, -0.055604740294208053, -0.022202806860994472], 'b_hat': [0.0, 0.0, 0.0], 'sigma_hat': None, 'elapsed_s': 0.013030561000050511, 'a_bias': [-0.007991310649124193, 0.008283044530126148, 0.005311418261673903], 'b_bias': [-0.1494941311234396, 0.08658311156932433, -0.09682783545914808]}, 'MCMC-add': {'a_hat': [-0.06738476895607638, -0.05986719873424421, -0.03255348781739924], 'b_hat': [0.0, 0.0, 0.0], 'sigma_hat': 0.5842702717979815, 'elapsed_s': 41.983768713000245, 'a_bias': [-0.02034750352679683, 0.004020586090089991, -0.005039262694730862], 'b_bias': [-0.1494941311234396, 0.08658311156932433, -0.09682783545914808]}, 'MCMC-comb': {'a_hat': [-0.06580540966665349, -0.05823637241454176, -0.03312438890359636], 'b_hat': [0.11735433422418973, -0.07505673238405691, 0.07433017321943744], 'sigma_hat': 0.5763113422575119, 'elapsed_s': 71.79487457000141, 'a_bias': [-0.01876814423737394, 0.0056514124097924445, -0.005610163780927987], 'b_bias': [-0.03213979689924987, 0.011526379185267416, -0.022497662239710642]}}","[-0.04703726542927955, -0.0638877848243342, -0.027514225122668375]","[-0.01876814423737394, 0.0056514124097924445, -0.005610163780927987]","[0.1494941311234396, -0.08658311156932433, 0.09682783545914808]","[-0.03213979689924987, 0.011526379185267416, -0.022497662239710642]"
10,226401,8064,"[-0.19010418817228647, -0.031689177838040754, 0.014226518513036662]","[0.00408092937685612, 0.05898443411952873, 0.09988461255399966]","[3.6396093088168455e-05, 3.740877517437652e-05, 3.650800958370787e-05]","[6.342529287290901e-05, 5.935489181240337e-05, 5.581890970171814e-05]",216.21786978509772,1.3190669221793007e-46,True,"{'OLS': {'a_hat': [-0.18989662063813742, -0.03178033416045408, 0.007902010797441964], 'b_hat': [0.0, 0.0, 0.0], 'sigma_hat': None, 'elapsed_s': 0.0005091959992569173, 'a_bias': [-0.021609643476556945, 0.001708168838123407, -0.008373295713058594], 'b_bias': [-0.05862223313592782, -0.0711226579792855, -0.07933472351999253]}, 'ElasticNet': {'a_hat': [-0.18188070127380254, -0.02517906640139891, 0.001149207877949239], 'b_hat': [0.0, 0.0, 0.0], 'sigma_hat': None, 'elapsed_s': 0.14547295999909693, 'a_bias': [-0.013593724112222066, 0.008309436597178577, -0.01512609863255132], 'b_bias': [-0.05862223313592782, -0.0711226579792855, -0.07933472351999253]}, 'ISD-1': {'a_hat': [-0.18845881785739813, -0.031230728404314626, 0.0076328621752764355], 'b_hat': [0.0, 0.0, 0.0], 'sigma_hat': None, 'elapsed_s': 0.00137639000058698, 'a_bias': [-0.02017184069581765, 0.0022577745942628617, -0.008642444335224122], 'b_bias': [-0.05862223313592782, -0.0711226579792855, -0.07933472351999253]}, 'ISD-3': {'a_hat': [-0.19731853261829824, -0.027797164115442367, 0.004097872915143161], 'b_hat': [0.0, 0.0, 0.0], 'sigma_hat': None, 'elapsed_s': 0.0231761289996939, 'a_bias': [-0.02903155545671776, 0.005691338883135121, -0.012177433595357397], 'b_bias': [-0.05862223313592782, -0.0711226579792855, -0.07933472351999253]}, 'MCMC-add': {'a_hat': [-0.1902385599566238, -0.031633351430029225, 0.008059824329993711], 'b_hat': [0.0, 0.0, 0.0], 'sigma_hat': 0.5611862581540571, 'elapsed_s': 46.19270749000134, 'a_bias': [-0.021951582795043334, 0.0018551515685482634, -0.008215482180506847], 'b_bias': [-0.05862223313592782, -0.0711226579792855, -0.07933472351999253]}, 'MCMC-comb': {'a_hat': [-0.19010418817228647, -0.031689177838040754, 0.014226518513036662], 'b_hat': [0.00408092937685612, 0.05898443411952873, 0.09988461255399966], 'sigma_hat': 0.5577145220605229, 'elapsed_s': 50.96978077699896, 'a_bias': [-0.021817211010705995, 0.0017993251605367341, -0.002048787997463896], 'b_bias': [-0.0545413037590717, -0.012138223859756776, 0.020549889034007132]}}","[-0.16828697716158048, -0.03348850299857749, 0.01627530651050056]","[-0.021817211010705995, 0.0017993251605367341, -0.002048787997463896]","[0.05862223313592782, 0.0711226579792855, 0.07933472351999253]","[-0.0545413037590717, -0.012138223859756776, 0.020549889034007132]"
11,238552,8064,"[-0.03762234218926098, -0.038354981096288425, 0.06945796052519587]","[0.00420940503166892, -0.1014506184793891, -0.10752504329201448]","[3.683385647899592e-05, 3.358801355760642e-05, 3.6523048517232836e-05]","[6.402082641504927e-05, 5.706626774420285e-05, 6.497354743666757e-05]",329.3531387721705,4.405125205611013e-71,True,"{'OLS': {'a_hat': [-0.03361489501598235, -0.03951751413873125, 0.0720015136721883], 'b_hat': [0.0, 0.0, 0.0], 'sigma_hat': None, 'elapsed_s': 0.006519956999909482, 'a_bias': [0.0012576122088614056, 0.006717665127725467, -0.013796074453527096], 'b_bias': [0.01913043248816149, 0.1275686323337922, 0.11332872140034807]}, 'ElasticNet': {'a_hat': [-0.03353949776762075, -0.039445945279865446, 0.07192420704002862], 'b_hat': [0.0, 0.0, 0.0], 'sigma_hat': None, 'elapsed_s': 0.2064985950000846, 'a_bias': [0.0013330094572230056, 0.006789233986591273, -0.013873381085686767], 'b_bias': [0.01913043248816149, 0.1275686323337922, 0.11332872140034807]}, 'ISD-1': {'a_hat': [-0.03379068387276066, -0.039818151393606116, 0.07308273413085832], 'b_hat': [0.0, 0.0, 0.0], 'sigma_hat': None, 'elapsed_s': 0.004036725000332808, 'a_bias': [0.0010818233520831014, 0.006417027872850603, -0.01271485399485707], 'b_bias': [0.01913043248816149, 0.1275686323337922, 0.11332872140034807]}, 'ISD-3': {'a_hat': [-0.024248232567296746, -0.04582430859940172, 0.06235367477553401], 'b_hat': [0.0, 0.0, 0.0], 'sigma_hat': None, 'elapsed_s': 0.047231971000655903, 'a_bias': [0.010624274657547013, 0.0004108706670550022, -0.02344391335018138], 'b_bias': [0.01913043248816149, 0.1275686323337922, 0.11332872140034807]}, 'MCMC-add': {'a_hat': [-0.0336787859664457, -0.03941558704522619, 0.07162950136757845], 'b_hat': [0.0, 0.0, 0.0], 'sigma_hat': 0.5628421057420564, 'elapsed_s': 44.51312626099934, 'a_bias': [0.0011937212583980616, 0.006819592221230526, -0.014168086758136939], 'b_bias': [0.01913043248816149, 0.1275686323337922, 0.11332872140034807]}, 'MCMC-comb': {'a_hat': [-0.03762234218926098, -0.038354981096288425, 0.06945796052519587], 'b_hat': [0.00420940503166892, -0.1014506184793891, -0.10752504329201448], 'sigma_hat': 0.5573336528503917, 'elapsed_s': 63.97011790799843, 'a_bias': [-0.0027498349644172193, 0.007880198170168294, -0.01633962760051952], 'b_bias': [0.02333983751983041, 0.0261180138544031, 0.005803678108333585]}}","[-0.03487250722484376, -0.04623517926645672, 0.08579758812571539]","[-0.0027498349644172193, 0.007880198170168294, -0.01633962760051952]","[-0.01913043248816149, -0.1275686323337922, -0.11332872140034807]","[0.02333983751983041, 0.0261180138544031, 0.005803678108333585]"
12,242071,8064,"[-0.09702901541509806, 0.057443905503590575, 0.015957304051927145]","[0.042841180331860275, -0.029427349029798187, 0.011851529591726324]","[4.196844801027885e-05, 4.089915693144716e-05, 4.0615168227984924e-05]","[6.711348004126414e-05, 6.358826221650501e-05, 7.844261301754758e-05]",44.418012492520575,1.2300919028750571e-09,True,"{'OLS': {'a_hat': [-0.09756183906814676, 0.05739303877875587, 0.016486151205894754], 'b_hat': [0.0, 0.0, 0.0], 'sigma_hat': None, 'elapsed_s': 0.000608038999416749, 'a_bias': [-0.0056166104679856305, 0.007676964373379468, 0.002243577598838229], 'b_bias': [-0.06904853540677683, 0.04272526463365343, -0.015853969107671423]}, 'ElasticNet': {'a_hat': [-0.0852907599030596, 0.045901095433002415, 0.004716782485252007], 'b_hat': [0.0, 0.0, 0.0], 'sigma_hat': None, 'elapsed_s': 0.21905176200016285, 'a_bias': [0.00665446869710154, -0.0038149789723739905, -0.009525791121804517], 'b_bias': [-0.06904853540677683, 0.04272526463365343, -0.015853969107671423]}, 'ISD-1': {'a_hat': [-0.09793932899688922, 0.05652518772114793, 0.017138139812993773], 'b_hat': [0.0, 0.0, 0.0], 'sigma_hat': None, 'elapsed_s': 0.001074495001375908, 'a_bias': [-0.005994100396728083, 0.0068091133157715256, 0.0028955662059372486], 'b_bias': [-0.06904853540677683, 0.04272526463365343, -0.015853969107671423]}, 'ISD-3': {'a_hat': [-0.10770449119131141, 0.053273881203847365, 0.0259250508724882], 'b_hat': [0.0, 0.0, 0.0], 'sigma_hat': None, 'elapsed_s': 0.06043748500087531, 'a_bias': [-0.015759262591150278, 0.0035578067984709597, 0.011682477265431677], 'b_bias': [-0.06904853540677683, 0.04272526463365343, -0.015853969107671423]}, 'MCMC-add': {'a_hat': [-0.09745538784584028, 0.05727333503850284, 0.01675697122488037], 'b_hat': [0.0, 0.0, 0.0], 'sigma_hat': 0.5721073098658752, 'elapsed_s': 55.249860899999476, 'a_bias': [-0.005510159245679144, 0.007557260633126436, 0.0025143976178238457], 'b_bias': [-0.06904853540677683, 0.04272526463365343, -0.015853969107671423]}, 'MCMC-comb': {'a_hat': [-0.09702901541509806, 0.057443905503590575, 0.015957304051927145], 'b_hat': [0.042841180331860275, -0.029427349029798187, 0.011851529591726324], 'sigma_hat': 0.5711669402725735, 'elapsed_s': 58.17206740800066, 'a_bias': [-0.00508378681493693, 0.00772783109821417, 0.0017147304448706206], 'b_bias': [-0.026207355074916554, 0.01329791560385524, -0.004002439515945099]}}","[-0.09194522860016113, 0.049716074405376405, 0.014242573607056525]","[-0.00508378681493693, 0.00772783109821417, 0.0017147304448706206]","[0.06904853540677683, -0.04272526463365343, 0.015853969107671423]","[-0.026207355074916554, 0.01329791560385524, -0.004002439515945099]"
13,236805,8064,"[0.06502726292781111, -0.0413313937439267, 0.04693691930824773]","[-0.06080631575078653, -0.03797978499884844, -0.048318255731929716]","[3.3972307833012674e-05, 3.419905212151872e-05, 3.664128622623028e-05]","[5.931301878197479e-05, 6.349409604748901e-05, 6.430729096932133e-05]",116.97328906069743,3.4611682878347207e-25,True,"{'OLS': {'a_hat': [0.06489589945363951, -0.04205749205384432, 0.04775822551055648], 'b_hat': [0.0, 0.0, 0.0], 'sigma_hat': None, 'elapsed_s': 0.0015143199998419732, 'a_bias': [0.0023368600569058373, -0.011122838081820477, 0.0020807017548153325], 'b_bias': [0.06619259410666513, 0.03630538465650718, 0.03817378939983291]}, 'ElasticNet': {'a_hat': [0.06479853609793974, -0.04196506250656152, 0.04766193851002662], 'b_hat': [0.0, 0.0, 0.0], 'sigma_hat': None, 'elapsed_s': 0.5467615340003249, 'a_bias': [0.002239496701206073, -0.011030408534537677, 0.001984414754285471], 'b_bias': [0.06619259410666513, 0.03630538465650718, 0.03817378939983291]}, 'ISD-1': {'a_hat': [0.06523727272821066, -0.042763964263901624, 0.048419087125098535], 'b_hat': [0.0, 0.0, 0.0], 'sigma_hat': None, 'elapsed_s': 0.010823574999449193, 'a_bias': [0.002678233331476987, -0.011829310291877781, 0.0027415633693573874], 'b_bias': [0.06619259410666513, 0.03630538465650718, 0.03817378939983291]}, 'ISD-3': {'a_hat': [0.05008765934152034, -0.04239948444941975, 0.03788355583573133], 'b_hat': [0.0, 0.0, 0.0], 'sigma_hat': None, 'elapsed_s': 0.06331419200068922, 'a_bias': [-0.012471380055213331, -0.01146483047739591, -0.007793967920009817], 'b_bias': [0.06619259410666513, 0.03630538465650718, 0.03817378939983291]}, 'MCMC-add': {'a_hat': [0.06486105339881261, -0.0421277879097495, 0.04767041139265748], 'b_hat': [0.0, 0.0, 0.0], 'sigma_hat': 0.5330542599278798, 'elapsed_s': 41.8917327049985, 'a_bias': [0.0023020140020789392, -0.011193133937725655, 0.001992887636916331], 'b_bias': [0.06619259410666513, 0.03630538465650718, 0.03817378939983291]}, 'MCMC-comb': {'a_hat': [0.06502726292781111, -0.0413313937439267, 0.04693691930824773], 'b_hat': [-0.06080631575078653, -0.03797978499884844, -0.048318255731929716], 'sigma_hat': 0.5317913259360009, 'elapsed_s': 37.59152270300001, 'a_bias': [0.0024682235310774375, -0.010396739771902856, 0.0012593955525065856], 'b_bias': [0.005386278355878599, -0.001674400342341259, -0.010144466332096806]}}","[0.06255903939673367, -0.030934653972023843, 0.04567752375574115]","[0.0024682235310774375, -0.010396739771902856, 0.0012593955525065856]","[-0.06619259410666513, -0.03630538465650718, -0.03817378939983291]","[0.005386278355878599, -0.001674400342341259, -0.010144466332096806]"
14,246796,8064,"[-0.11269444970137393, 0.04616101103259256, -0.09640251614009421]","[-0.019211494862265074, 0.025390958906703346, -0.05862201718194275]","[3.833867889598058e-05, 3.763099622505142e-05, 3.921973968531789e-05]","[6.381650675461116e-05, 6.110408321614627e-05, 7.75628517099478e-05]",59.165188081353335,8.862955348337063e-13,True,"{'OLS': {'a_hat': [-0.1121154069128273, 0.046657042392819134, -0.09387839669006562], 'b_hat': [0.0, 0.0, 0.0], 'sigma_hat': None, 'elapsed_s': 0.0007466659990313929, 'a_bias': [0.007468557646076665, -0.002040205685739052, -0.046938162669793226], 'b_bias': [-0.001249411872768743, -0.048074665890590895, -0.04465311760299441]}, 'ElasticNet': {'a_hat': [-0.11199151418148771, 0.04654406922585226, -0.09375588798068224], 'b_hat': [0.0, 0.0, 0.0], 'sigma_hat': None, 'elapsed_s': 0.19068730899925868, 'a_bias': [0.007592450377416252, -0.0021531788527059254, -0.04681565396040985], 'b_bias': [-0.001249411872768743, -0.048074665890590895, -0.04465311760299441]}, 'ISD-1': {'a_hat': [-0.11292333547509692, 0.04625532343742762, -0.09621995439986318], 'b_hat': [0.0, 0.0, 0.0], 'sigma_hat': None, 'elapsed_s': 0.004367898998680175, 'a_bias': [0.006660629083807046, -0.0024419246411305634, -0.04927972037959079], 'b_bias': [-0.001249411872768743, -0.048074665890590895, -0.04465311760299441]}, 'ISD-3': {'a_hat': [-0.1095645464638029, 0.04497201447730187, -0.11003567085061432], 'b_hat': [0.0, 0.0, 0.0], 'sigma_hat': None, 'elapsed_s': 0.023325539001234574, 'a_bias': [0.010019418095101068, -0.003725233601256317, -0.06309543683034192], 'b_bias': [-0.001249411872768743, -0.048074665890590895, -0.04465311760299441]}, 'MCMC-add': {'a_hat': [-0.11193247395459559, 0.04711938076446227, -0.09406966527132744], 'b_hat': [0.0, 0.0, 0.0], 'sigma_hat': 0.5494987056572123, 'elapsed_s': 42.64194088699878, 'a_bias': [0.007651490604308378, -0.0015778673140959196, -0.04712943125105505], 'b_bias': [-0.001249411872768743, -0.048074665890590895, -0.04465311760299441]}, 'MCMC-comb': {'a_hat': [-0.11269444970137393, 0.04616101103259256, -0.09640251614009421], 'b_hat': [-0.019211494862265074, 0.025390958906703346, -0.05862201718194275], 'sigma_hat': 0.5488168611112734, 'elapsed_s': 42.21003379799913, 'a_bias': [0.0068895148575300325, -0.002536237045965624, -0.049462282119821815], 'b_bias': [-0.020460906735033816, -0.02268370698388755, -0.10327513478493716]}}","[-0.11958396455890397, 0.048697248078558186, -0.04694023402027239]","[0.0068895148575300325, -0.002536237045965624, -0.049462282119821815]","[0.001249411872768743, 0.048074665890590895, 0.04465311760299441]","[-0.020460906735033816, -0.02268370698388755, -0.10327513478493716]"
15,236021,8064,"[0.07386967301531915, -0.022406375078311627, -0.019649151403279753]","[0.0015711202378080645, -0.15235871588189942, -0.12921587852978428]","[3.263140846903434e-05, 2.7465244591798003e-05, 3.237156727450899e-05]","[5.6103015477068826e-05, 4.492743738510573e-05, 4.89534570427129e-05]",629.7310688623293,3.612779801927284e-136,True,"{'OLS': {'a_hat': [0.07203424582392631, -0.021729030148093097, -0.014414166630229324], 'b_hat': [0.0, 0.0, 0.0], 'sigma_hat': None, 'elapsed_s': 0.00047723699935886543, 'a_bias': [0.005495734926647691, -0.011880481697150735, 0.027915664574186053], 'b_bias': [0.007971821090639906, 0.16873344339580298, 0.14471124724230874]}, 'ElasticNet': {'a_hat': [0.05952861444483839, -0.010142870259696062, -0.00217300636967008], 'b_hat': [0.0, 0.0, 0.0], 'sigma_hat': None, 'elapsed_s': 0.09621618699929968, 'a_bias': [-0.007009896452440233, -0.0002943218087536996, 0.0401568248347453], 'b_bias': [0.007971821090639906, 0.16873344339580298, 0.14471124724230874]}, 'ISD-1': {'a_hat': [0.07290799321965469, -0.022020804684950865, -0.014876600040765502], 'b_hat': [0.0, 0.0, 0.0], 'sigma_hat': None, 'elapsed_s': 0.0017025980014295783, 'a_bias': [0.006369482322376066, -0.012172256234008503, 0.027453231163649876], 'b_bias': [0.007971821090639906, 0.16873344339580298, 0.14471124724230874]}, 'ISD-3': {'a_hat': [0.050933374969935795, -0.03842920343022232, 0.009115875245850872], 'b_hat': [0.0, 0.0, 0.0], 'sigma_hat': None, 'elapsed_s': 0.008868947001246852, 'a_bias': [-0.015605135927342827, -0.028580654979279956, 0.05144570645026625], 'b_bias': [0.007971821090639906, 0.16873344339580298, 0.14471124724230874]}, 'MCMC-add': {'a_hat': [0.07204265772362552, -0.021978687042846508, -0.014499841484102575], 'b_hat': [0.0, 0.0, 0.0], 'sigma_hat': 0.5593924495463931, 'elapsed_s': 32.94121042000006, 'a_bias': [0.005504146826346895, -0.012130138591904146, 0.027829989720312802], 'b_bias': [0.007971821090639906, 0.16873344339580298, 0.14471124724230874]}, 'MCMC-comb': {'a_hat': [0.07386967301531915, -0.022406375078311627, -0.019649151403279753], 'b_hat': [0.0015711202378080645, -0.15235871588189942, -0.12921587852978428], 'sigma_hat': 0.5494463896442474, 'elapsed_s': 32.639067823000005, 'a_bias': [0.007331162118040524, -0.012557826627369265, 0.022680679801135625], 'b_bias': [0.00954294132844797, 0.016374727513903564, 0.015495368712524465]}}","[0.06653851089727862, -0.009848548450942362, -0.04232983120441538]","[0.007331162118040524, -0.012557826627369265, 0.022680679801135625]","[-0.007971821090639906, -0.16873344339580298, -0.14471124724230874]","[0.00954294132844797, 0.016374727513903564, 0.015495368712524465]"
16,242117,8064,"[-0.12397884075137885, -0.09485389599019206, 0.0032837968208147762]","[-0.06917445580686402, -0.028158003982066065, 0.11065021856762544]","[3.8712617490144254e-05, 3.7104021347484194e-05, 3.798810295755632e-05]","[6.349016132574557e-05, 5.403555389271191e-05, 6.785387382578132e-05]",257.53538138236945,1.5343966206156152e-55,True,"{'OLS': {'a_hat': [-0.12769094071373446, -0.09748264049179226, 0.0017907609471359792], 'b_hat': [0.0, 0.0, 0.0], 'sigma_hat': None, 'elapsed_s': 0.00040015500053414144, 'a_bias': [0.004579020521705779, 0.0022420422683559205, -0.03818666172520769], 'b_bias': [0.09054790553600608, 0.03781625540393897, -0.12992282977860656]}, 'ElasticNet': {'a_hat': [-0.11758438373253001, -0.08796475913531501, 0.0], 'b_hat': [0.0, 0.0, 0.0], 'sigma_hat': None, 'elapsed_s': 0.05061843899966334, 'a_bias': [0.014685577502910233, 0.011759923624833163, -0.039977422672343665], 'b_bias': [0.09054790553600608, 0.03781625540393897, -0.12992282977860656]}, 'ISD-1': {'a_hat': [-0.1271524461929568, -0.0961861759408934, -0.00020910800121931437], 'b_hat': [0.0, 0.0, 0.0], 'sigma_hat': None, 'elapsed_s': 0.000836089000586071, 'a_bias': [0.00511751504248345, 0.003538506819254772, -0.04018653067356298], 'b_bias': [0.09054790553600608, 0.03781625540393897, -0.12992282977860656]}, 'ISD-3': {'a_hat': [-0.1387127910623332, -0.09078209717544028, -0.011096940731504933], 'b_hat': [0.0, 0.0, 0.0], 'sigma_hat': None, 'elapsed_s': 0.005681218999598059, 'a_bias': [-0.006442829826892954, 0.008942585584707896, -0.0510743634038486], 'b_bias': [0.09054790553600608, 0.03781625540393897, -0.12992282977860656]}, 'MCMC-add': {'a_hat': [-0.1277337475046458, -0.09782286922900257, 0.0019280127275142429], 'b_hat': [0.0, 0.0, 0.0], 'sigma_hat': 0.5812422200557683, 'elapsed_s': 37.8801763399988, 'a_bias': [0.004536213730794436, 0.001901813531145602, -0.03804940994482942], 'b_bias': [0.09054790553600608, 0.03781625540393897, -0.12992282977860656]}, 'MCMC-comb': {'a_hat': [-0.12397884075137885, -0.09485389599019206, 0.0032837968208147762], 'b_hat': [-0.06917445580686402, -0.028158003982066065, 0.11065021856762544], 'sigma_hat': 0.5778554326389376, 'elapsed_s': 39.90664542599916, 'a_bias': [0.008291120484061387, 0.004870786769956115, -0.03669362585152889], 'b_bias': [0.02137344972914207, 0.009658251421872908, -0.019272611210981117]}}","[-0.13226996123544024, -0.09972468276014818, 0.039977422672343665]","[0.008291120484061387, 0.004870786769956115, -0.03669362585152889]","[-0.09054790553600608, -0.03781625540393897, 0.12992282977860656]","[0.02137344972914207, 0.009658251421872908, -0.019272611210981117]"
17,246786,8064,"[-0.03750254365899942, 0.07280498512897816, -0.10152186405096342]","[-0.026050224521763178, -0.08102596445350817, -0.03495424594118846]","[4.659360302926759e-05, 4.393762799206786e-05, 5.1228944807820974e-05]","[5.644709945064569e-05, 5.562483666454227e-05, 5.703375170360154e-05]",137.2646180744996,1.4696581276246536e-29,True,"{'OLS': {'a_hat': [-0.03966685432214201, 0.06866123470517198, -0.10318153297888451], 'b_hat': [0.0, 0.0, 0.0], 'sigma_hat': None, 'elapsed_s': 0.0003626929992606165, 'a_bias': [-0.004040457215999417, -0.0050903221415366795, -0.0098197649778968], 'b_bias': [0.020543755786763002, 0.09500220549105813, 0.03390330759005625]}, 'ElasticNet': {'a_hat': [-0.03956166328256533, 0.06855617305606475, -0.10306900898271028], 'b_hat': [0.0, 0.0, 0.0], 'sigma_hat': None, 'elapsed_s': 0.05417551699974865, 'a_bias': [-0.003935266176422737, -0.005195383790643909, -0.00970724098172257], 'b_bias': [0.020543755786763002, 0.09500220549105813, 0.03390330759005625]}, 'ISD-1': {'a_hat': [-0.03963724415965589, 0.06687607880724114, -0.09978530285144746], 'b_hat': [0.0, 0.0, 0.0], 'sigma_hat': None, 'elapsed_s': 0.000871059999553836, 'a_bias': [-0.004010847053513296, -0.006875478039467517, -0.006423534850459753], 'b_bias': [0.020543755786763002, 0.09500220549105813, 0.03390330759005625]}, 'ISD-3': {'a_hat': [-0.00824638237405443, 0.09287761811123225, -0.08509036970312281], 'b_hat': [0.0, 0.0, 0.0], 'sigma_hat': None, 'elapsed_s': 0.007256432001668145, 'a_bias': [0.027380014732088162, 0.019126061264523597, 0.008271398297864899], 'b_bias': [0.020543755786763002, 0.09500220549105813, 0.03390330759005625]}, 'MCMC-add': {'a_hat': [-0.039806320228499184, 0.06865885605431833, -0.10261647404405898], 'b_hat': [0.0, 0.0, 0.0], 'sigma_hat': 0.6214081204515735, 'elapsed_s': 15.35083079800097, 'a_bias': [-0.004179923122356592, -0.005092700792390326, -0.00925470604307127], 'b_bias': [0.020543755786763002, 0.09500220549105813, 0.03390330759005625]}, 'MCMC-comb': {'a_hat': [-0.03750254365899942, 0.07280498512897816, -0.10152186405096342], 'b_hat': [-0.026050224521763178, -0.08102596445350817, -0.03495424594118846], 'sigma_hat': 0.6192010022776789, 'elapsed_s': 34.93747373599945, 'a_bias': [-0.001876146552856825, -0.0009465717177304933, -0.00816009604997571], 'b_bias': [-0.005506468735000176, 0.013976241037549963, -0.0010509383511322148]}}","[-0.03562639710614259, 0.07375155684670866, -0.09336176800098771]","[-0.001876146552856825, -0.0009465717177304933, -0.00816009604997571]","[-0.020543755786763002, -0.09500220549105813, -0.03390330759005625]","[-0.005506468735000176, 0.013976241037549963, -0.0010509383511322148]"
18,246837,8064,"[0.06955739806535699, -0.1661943815828521, 0.013229073051518983]","[0.019618013222465352, -0.04504294823878587, -0.1294251494093614]","[4.228432597388215e-05, 4.2443197430725604e-05, 3.826254974682263e-05]","[6.585741291347006e-05, 5.588185763390011e-05, 6.171929351450068e-05]",274.72184713216666,2.9367558051862286e-59,True,"{'OLS': {'a_hat': [0.06844077622806795, -0.16608890720928307, 0.014627967906985874], 'b_hat': [0.0, 0.0, 0.0], 'sigma_hat': None, 'elapsed_s': 0.00032597300014458597, 'a_bias': [-0.015590037517671615, 0.00664313510995182, -0.02881439644759986], 'b_bias': [-0.02377356023322779, 0.05941499556967944, 0.14460578543884547]}, 'ElasticNet': {'a_hat': [0.06217650098025572, -0.15943245496706934, 0.008662131890266545], 'b_hat': [0.0, 0.0, 0.0], 'sigma_hat': None, 'elapsed_s': 0.04635130399947229, 'a_bias': [-0.021854312765483844, 0.013299587352165548, -0.03478023246431919], 'b_bias': [-0.02377356023322779, 0.05941499556967944, 0.14460578543884547]}, 'ISD-1': {'a_hat': [0.06695086026972408, -0.16444716945156512, 0.012645912076353103], 'b_hat': [0.0, 0.0, 0.0], 'sigma_hat': None, 'elapsed_s': 0.0007680019989493303, 'a_bias': [-0.017079953476015486, 0.008284872867669768, -0.03079645227823263], 'b_bias': [-0.02377356023322779, 0.05941499556967944, 0.14460578543884547]}, 'ISD-3': {'a_hat': [0.07166474370187555, -0.16242270132873116, 0.03799190347851587], 'b_hat': [0.0, 0.0, 0.0], 'sigma_hat': None, 'elapsed_s': 0.004462689999854774, 'a_bias': [-0.012366070043864016, 0.010309340990503735, -0.00545046087606986], 'b_bias': [-0.02377356023322779, 0.05941499556967944, 0.14460578543884547]}, 'MCMC-add': {'a_hat': [0.06848139024220157, -0.1661652455344443, 0.014583291500047599], 'b_hat': [0.0, 0.0, 0.0], 'sigma_hat': 0.5968924959087623, 'elapsed_s': 38.04948602699915, 'a_bias': [-0.015549423503537996, 0.0065667967847905795, -0.028859072854538134], 'b_bias': [-0.02377356023322779, 0.05941499556967944, 0.14460578543884547]}, 'MCMC-comb': {'a_hat': [0.06955739806535699, -0.1661943815828521, 0.013229073051518983], 'b_hat': [0.019618013222465352, -0.04504294823878587, -0.1294251494093614], 'sigma_hat': 0.5924124254635251, 'elapsed_s': 42.19035912700019, 'a_bias': [-0.014473415680382573, 0.006537660736382789, -0.03021329130306675], 'b_bias': [-0.004155547010762439, 0.014372047330893568, 0.01518063602948408]}}","[0.08403081374573956, -0.1727320423192349, 0.04344236435458573]","[-0.014473415680382573, 0.006537660736382789, -0.03021329130306675]","[0.02377356023322779, -0.05941499556967944, -0.14460578543884547]","[-0.004155547010762439, 0.014372047330893568, 0.01518063602948408]"
19,240633,8064,"[-0.006130400301581973, -0.062449437435073654, 0.011181759358324519]","[-0.02305966723379345, 0.14419616519710735, -0.021094403107852915]","[3.7316329158629335e-05, 3.214915302877197e-05, 3.7857037275823094e-05]","[5.724178480723247e-05, 5.340629222231869e-05, 6.76432597961716e-05]",360.6629318325795,7.32368139147714e-78,True,"{'OLS': {'a_hat': [-0.009127836355488896, -0.061635668301367894, 0.010820537973581821], 'b_hat': [0.0, 0.0, 0.0], 'sigma_hat': None, 'elapsed_s': 0.000333084999510902, 'a_bias': [-0.016340787126875846, -0.008686397394987652, -0.012447083161888577], 'b_bias': [-0.002185214552344288, -0.16017788913209155, 0.02393556274730243]}, 'ElasticNet': {'a_hat': [-0.0, -0.04337248125024395, 0.0], 'b_hat': [0.0, 0.0, 0.0], 'sigma_hat': None, 'elapsed_s': 0.0439809889994649, 'a_bias': [-0.007212950771386952, 0.009576789656136293, -0.023267621135470398], 'b_bias': [-0.002185214552344288, -0.16017788913209155, 0.02393556274730243]}, 'ISD-1': {'a_hat': [-0.010122205556439917, -0.061885757384345624, 0.010699487116275937], 'b_hat': [0.0, 0.0, 0.0], 'sigma_hat': None, 'elapsed_s': 0.0011545060006028507, 'a_bias': [-0.017335156327826867, -0.008936486477965383, -0.01256813401919446], 'b_bias': [-0.002185214552344288, -0.16017788913209155, 0.02393556274730243]}, 'ISD-3': {'a_hat': [-0.005207870802305482, -0.04677007145972134, -0.023719901850189712], 'b_hat': [0.0, 0.0, 0.0], 'sigma_hat': None, 'elapsed_s': 0.005806246999782161, 'a_bias': [-0.012420821573692434, 0.006179199446658901, -0.04698752298566011], 'b_bias': [-0.002185214552344288, -0.16017788913209155, 0.02393556274730243]}, 'MCMC-add': {'a_hat': [-0.009073219922252613, -0.06176231870566648, 0.011358540324905575], 'b_hat': [0.0, 0.0, 0.0], 'sigma_hat': 0.5653273606328234, 'elapsed_s': 20.915559312001278, 'a_bias': [-0.016286170693639565, -0.008813047799286239, -0.011909080810564823], 'b_bias': [-0.002185214552344288, -0.16017788913209155, 0.02393556274730243]}, 'MCMC-comb': {'a_hat': [-0.006130400301581973, -0.062449437435073654, 0.011181759358324519], 'b_hat': [-0.02305966723379345, 0.14419616519710735, -0.021094403107852915], 'sigma_hat': 0.5592750923554923, 'elapsed_s': 31.773282725998797, 'a_bias': [-0.013343351072968926, -0.009500166528693413, -0.012085861777145879], 'b_bias': [-0.025244881786137735, -0.015981723934984204, 0.0028411596394495135]}}","[0.007212950771386952, -0.05294927090638024, 0.023267621135470398]","[-0.013343351072968926, -0.009500166528693413, -0.012085861777145879]","[0.002185214552344288, 0.16017788913209155, -0.02393556274730243]","[-0.025244881786137735, -0.015981723934984204, 0.0028411596394495135]"
